ts_ms,roll_deg,pitch_deg,yaw_deg,wx_dps,wy_dps,wz_dps,ax_g,ay_g,az_g
14179,-0.25,-1.34,0.16,0.06,0,0,0.024,-0.003,0.993
14249,-0.24,-1.34,0.16,0,0,0,0.024,-0.003,0.994
14319,-0.24,-1.34,0.16,0,0,-0.06,0.023,-0.005,0.993
14389,-0.24,-1.34,0.16,0,0,0,0.023,-0.004,0.994
14450,-0.24,-1.34,0.16,0.06,0,0,0.022,-0.004,0.994
14530,-0.24,-1.34,0.16,0,0,0,0.023,-0.004,0.994
14581,-0.24,-1.34,0.16,0.06,0,0,0.023,-0.004,0.993
14670,-0.24,-1.34,0.16,0,0,-0.06,0.024,-0.004,0.994
14740,-0.24,-1.34,0.16,0,0,0,0.023,-0.004,0.994
14801,-0.24,-1.34,0.16,0,0.06,0,0.024,-0.005,0.994
14861,-0.25,-1.34,0.16,-0.18,-0.18,0,0.023,-0.003,0.994
14931,-0.24,-1.34,0.16,0.18,0.06,0,0.024,-0.004,0.993
14980,-0.24,-1.34,0.16,0,0,0,0.024,-0.004,0.994
15051,-0.24,-1.36,0.16,0.06,0.06,0.06,0.023,-0.004,0.993
15111,-0.24,-1.36,0.16,0,-0.06,0,0.024,-0.004,0.993
15183,-0.24,-1.37,0.16,0,-0.12,0,0.023,-0.004,0.994
15231,-0.24,-1.37,0.16,0.06,-0.06,0,0.023,-0.004,0.993
15302,-0.24,-1.37,0.16,0,-0.06,0,0.023,-0.005,0.994
15362,-0.24,-1.37,0.16,0,0,-0.06,0.023,-0.005,0.994
15422,-0.24,-1.37,0.16,0.06,0,0,0.023,-0.004,0.994
15502,-0.24,-1.37,0.16,0,0,0,0.024,-0.004,0.994
15562,-0.24,-1.37,0.16,0,0,0,0.023,-0.004,0.993
15622,-0.25,-1.37,0.16,0,0,0,0.023,-0.005,0.994
15692,-0.25,-1.37,0.16,0,0,0,0.023,-0.004,0.993
15742,-0.25,-1.37,0.16,0.06,0,0,0.023,-0.005,0.994
15812,-0.25,-1.37,0.16,0,0,0,0.023,-0.005,0.994
15873,-0.24,-1.36,0.16,0.06,0,0,0.023,-0.004,0.993
15932,-0.24,-1.36,0.16,0,0,0,0.023,-0.005,0.994
16003,-0.24,-1.36,0.16,0,0,0,0.023,-0.005,0.994
16064,-0.24,-1.36,0.16,0.06,0.06,-0.06,0.023,-0.005,0.994
16123,-0.24,-1.35,0.16,0.06,0,0,0.023,-0.004,0.994
16194,-0.24,-1.35,0.16,0.06,0.06,-0.06,0.023,-0.004,0.993
16265,-0.24,-1.35,0.16,0,0.06,0,0.023,-0.004,0.993
16323,-0.24,-1.35,0.16,0,0,0,0.023,-0.005,0.993
16394,-0.24,-1.35,0.16,0,0,0,0.023,-0.005,0.993
16464,-0.24,-1.35,0.16,0,0,0,0.024,-0.004,0.993
16525,-0.24,-1.35,0.16,0.06,0,0,0.023,-0.004,0.993
16584,-0.24,-1.35,0.16,0,0,0,0.023,-0.004,0.994
16644,-0.24,-1.35,0.16,0,0,0,0.023,-0.004,0.994
16715,-0.24,-1.35,0.16,0,0,-0.06,0.024,-0.004,0.994
16766,-0.24,-1.35,0.16,0,0,0,0.023,-0.004,0.994
16824,-0.24,-1.35,0.16,0,0,0,0.023,-0.005,0.993
16895,-0.24,-1.35,0.16,0,0.06,0,0.023,-0.005,0.994
16955,-0.24,-1.35,0.16,0,0,0,0.023,-0.004,0.994
17026,-0.24,-1.35,0.16,0,0,0,0.023,-0.005,0.993
17085,-0.24,-1.35,0.16,0.06,0,-0.06,0.023,-0.005,0.994
17145,-0.24,-1.35,0.16,0,0,0,0.023,-0.005,0.993
17215,-0.24,-1.35,0.16,0.06,0,0,0.023,-0.005,0.993
17275,-0.24,-1.35,0.16,0.06,0,0,0.023,-0.005,0.994
17346,-0.24,-1.35,0.16,0.06,0,-0.06,0.023,-0.004,0.993
17406,-0.24,-1.35,0.16,0,0,0,0.024,-0.005,0.994
17466,-0.24,-1.35,0.16,0.06,0,0,0.023,-0.004,0.994
17537,-0.24,-1.35,0.16,0,0,0,0.023,-0.004,0.993
17596,-0.24,-1.35,0.16,0,0,0,0.023,-0.004,0.993
17656,-0.24,-1.35,0.16,0,0,0,0.024,-0.005,0.993
17717,-0.24,-1.35,0.16,-0.06,0.43,0,0.033,-0.005,0.994
17787,-0.24,-1.35,0.16,0,0.18,-0.12,0.041,-0.005,0.994
17848,-0.24,-1.34,0.16,0.06,0.06,-0.18,0.027,-0.006,0.994
17907,-0.24,-1.34,0.16,0,0,0.12,0.019,-0.006,0.994
17967,-0.24,-1.34,0.16,0.06,-0.12,-0.12,0.02,-0.004,0.997
18027,-0.25,-1.36,0.16,0,0.61,0.55,0.026,-0.004,0.992
18098,-0.24,-1.33,0.16,0.18,-0.06,-0.24,0.014,-0.012,0.993
18158,-0.24,-1.34,0.16,0,0,0.18,0.014,-0.006,0.996
18228,-0.24,-1.34,0.16,-0.06,0,0.12,0.016,0,0.996
18288,-0.25,-1.35,0.16,-0.06,0,-0.12,0.024,-0.002,0.996
18358,-0.24,-1.35,0.16,0.12,0,-0.12,0.026,-0.004,0.993
18419,-0.25,-1.35,0.16,-0.18,-0.06,0,0.025,-0.004,0.993
18489,-0.25,-1.34,0.16,0.06,-0.12,-0.49,0.028,-0.007,0.993
18539,-0.24,-1.36,0.16,0,0.12,-0.12,0.024,-0.001,0.993
18599,-0.24,-1.35,0.16,0.06,0.12,0.24,0.021,-0.001,0.994
18669,-0.25,-1.35,0.16,0,-0.18,-0.06,0.015,-0.003,0.993
18719,-0.24,-1.35,0.16,0.06,0.12,-0.06,0.031,-0.004,0.994
18790,-0.25,-1.33,0.16,0.12,-0.18,0.06,0.016,-0.008,0.994
18869,-0.25,-1.35,0.16,0,0.06,0.06,0.022,-0.004,0.995
18929,-0.25,-1.35,0.16,-0.06,0.12,0.12,0.028,-0.006,0.993
18989,-0.25,-1.35,0.16,0.06,-0.12,-0.31,0.026,-0.007,0.993
19050,-0.25,-1.36,0.16,-0.06,0,0.12,0.017,-0.005,0.995
19110,-0.25,-1.35,0.16,0.06,0,-0.06,0.027,-0.006,0.993
19179,-0.25,-1.35,0.16,0,0,0,0.024,-0.007,0.994
19230,-0.25,-1.35,0.16,0,-0.12,-0.06,0.024,-0.005,0.994
19300,-0.26,-1.35,0.16,0,-0.06,0.06,0.018,-0.006,0.993
19360,-0.26,-1.37,0.16,-0.12,0,0,0.029,-0.005,0.993
19420,-0.27,-1.35,0.16,-0.06,0.18,0,0.022,-0.01,0.994
19480,-0.27,-1.36,0.16,-0.12,0.06,0,0.027,-0.007,0.994
19551,-0.28,-1.35,0.16,0,-0.12,-0.06,0.022,-0.002,0.994
19611,-0.29,-1.36,0.16,-0.12,0.24,0.18,0.028,-0.006,0.994
19671,-0.3,-1.35,0.16,-0.24,0.06,-0.06,0.028,-0.007,0.992
19751,-0.3,-1.36,0.16,0.24,0.37,0.24,0.03,-0.007,0.996
19801,-0.26,-1.31,0.16,0.67,-0.67,-0.79,0.003,-0.005,0.99
19861,-0.25,-1.37,0.16,-0.18,0.49,0.37,0.018,0.002,0.99
19922,-0.25,-1.34,0.16,0.06,-0.12,-0.12,0.016,-0.006,0.992
20002,-0.24,-1.34,0.16,0,-0.06,0,0.022,-0.004,0.993
20052,-0.24,-1.34,0.16,0,0,0.06,0.023,-0.005,0.994
20111,-0.25,-1.34,0.16,0,0,0,0.023,-0.005,0.994
20191,-0.25,-1.34,0.16,0,0,0,0.023,-0.005,0.994
20252,-0.27,-1.36,0.14,-0.06,0.67,-0.06,0.053,-0.03,0.995
20313,-0.33,-1.4,0.28,0.37,-0.55,3.66,0.036,-0.017,0.998
20383,-0.4,-1.37,0.43,0.37,-0.31,1.4,0.031,-0.048,1
20444,-0.52,-1.44,0.61,0.49,-0.12,3.66,0.038,-0.043,1
20513,-0.71,-1.45,0.97,0.55,-1.16,4.7,0.039,-0.062,0.991
20583,-0.99,-1.31,1.1,-0.18,-1.04,-3.3,-0.046,-0.09,1.004
20643,-1.21,-1.1,0.55,0.43,0.12,-16.6,-0.052,-0.067,0.985
20713,-1.31,-0.92,-1.2,0.18,0.73,-30.21,-0.016,-0.055,0.99
20763,-1.28,-0.79,-3.03,1.34,-0.79,-38.76,0.002,-0.022,1.005
20825,-1.17,-0.81,-5.33,-0.49,-1.83,-35.83,-0.003,-0.002,1.022
20894,-0.83,-1.04,-7.75,2.26,-0.67,-32.53,0.033,0.027,0.974
20954,-0.49,-1.17,-9.7,0.43,-2.81,-31.56,0.047,0.066,1.06
21034,-0.05,-1.28,-11.95,2.81,-2.62,-25.51,0.04,0.07,0.976
21094,0.15,-1.41,-13.28,0.31,1.4,-19.71,0.065,0.023,0.976
21154,0.32,-1.65,-14.05,-0.43,-2.2,-9.52,0.084,0.032,0.996
21224,0.43,-1.76,-14.29,0.49,-0.55,1.77,0.081,0.011,1.006
21295,0.48,-1.85,-13.93,-0.31,-0.67,6.84,0.033,0.018,0.994
21355,0.43,-1.89,-13.21,1.4,1.89,14.53,0.053,-0.008,0.969
21425,0.31,-1.98,-11.78,-0.24,1.65,26.12,0.07,-0.012,1.029
21475,0.21,-2.02,-10.31,0.37,1.95,31.56,0.072,-0.034,0.942
21545,0.09,-2.03,-7.73,0.49,1.22,41.44,0.074,0.021,1.005
21605,0.04,-2.07,-5.04,-0.24,-0.79,49.5,0.077,0.025,1.012
21665,-0.01,-2.25,-1.87,-0.61,-1.46,56.09,0.054,0.037,0.973
21735,-0.05,-2.29,2.16,-0.79,0.43,57.68,0.02,0.048,0.986
21806,-0.11,-2.28,6.12,0.55,-1.1,53.34,0.026,0.03,0.969
21886,-0.07,-2.11,10.17,-0.24,-0.55,43.7,-0.017,0.03,1.004
21946,-0.05,-1.92,12.52,0.12,0.37,33.45,-0.048,0.017,0.99
22006,-0.04,-1.69,14.12,-0.79,0.98,20.14,-0.047,0.009,1.005
22068,-0.03,-1.43,14.8,0,1.28,2.75,-0.016,-0.014,0.988
22126,-0.06,-1.17,14.63,-0.43,-1.46,-10.5,-0.039,-0.033,0.988
22186,-0.12,-0.97,13.63,0,0,-23.38,-0.033,-0.014,1.003
22246,-0.21,-0.73,11.8,-0.49,-0.06,-36.01,-0.073,-0.062,0.942
22317,-0.26,-0.49,8.59,0.31,-0.85,-52.73,-0.055,-0.036,1.006
22378,-0.3,-0.38,5.09,-0.98,1.1,-60.73,-0.019,-0.011,0.937
22447,-0.27,-0.36,0.64,-1.95,1.46,-64.51,-0.006,0.013,0.973
22517,-0.12,-0.37,-3.82,0.49,-1.04,-62.38,0.026,0.045,0.975
22577,0.15,-0.44,-7.47,0.24,-0.43,-60.67,0.013,0.069,0.969
22637,0.3,-0.52,-10.31,1.1,2.01,-56.88,0.026,0.058,1.045
22697,0.49,-0.66,-13.78,-0.37,0.55,-45.17,0.073,0.037,1.002
22768,0.58,-0.9,-16.2,-0.43,0.67,-26.73,0.12,0.022,1.006
22828,0.61,-1.15,-17.29,0.73,-1.16,-9.64,0.097,-0.012,0.997
22888,0.54,-1.37,-17.33,-0.24,3.05,6.47,0.075,-0.016,0.971
22958,0.42,-1.55,-16.33,0.31,1.95,17.33,0.07,-0.014,0.979
23028,0.33,-1.65,-14.43,1.77,2.44,31.01,0.071,-0.001,1.008
23098,0.26,-1.82,-11.76,0.79,-0.61,42.97,0.085,0.003,0.993
23170,0.23,-1.85,-8.43,0.18,1.59,51.39,0.051,0.041,1.028
23229,0.23,-1.9,-5.21,-1.22,-1.04,56.82,0.073,0.043,1.019
23299,0.2,-2.13,-0.97,-1.04,-1.95,62.62,0.057,0.033,0.987
23349,0.21,-2.13,2.13,-0.55,-0.92,61.46,-0.006,0.078,1.07
23429,0.22,-2.08,6.84,-0.18,-1.77,53.65,-0.004,0.029,0.974
23489,0.21,-1.91,9.8,-0.12,0.67,43.4,-0.022,0.032,0.976
23559,0.24,-1.7,12.42,-0.12,0,32.96,-0.03,0.022,1.009
23619,0.19,-1.47,13.8,0.31,-1.04,18.55,-0.047,-0.003,1
23680,0.15,-1.24,14.28,0.18,0.12,3.54,-0.062,-0.01,0.99
23750,0.06,-1.07,13.89,0.31,-0.18,-11.35,-0.025,-0.018,0.999
23810,-0.04,-0.93,12.91,-0.55,0.43,-21.67,-0.042,-0.037,0.991
23870,-0.13,-0.79,11.32,1.28,-0.37,-30.88,-0.027,-0.045,0.996
23930,-0.18,-0.57,8.98,0.61,-0.73,-46.39,-0.07,-0.021,1.01
24000,-0.21,-0.43,5.31,-0.79,1.89,-57.25,-0.028,-0.016,0.943
24070,-0.19,-0.37,1.12,-0.92,-0.06,-62.26,0.01,0.038,0.963
24130,-0.09,-0.38,-2.54,-0.55,-0.12,-60.12,0.009,0.032,0.946
24211,0.21,-0.51,-7.15,0.31,0.73,-57.13,0.006,0.075,1
24271,0.46,-0.6,-10.37,-0.37,2.81,-49.32,0.07,0.06,0.986
24341,0.63,-0.76,-13.45,-0.06,-1.89,-38.76,0.065,0.054,0.987
24431,0.74,-1.05,-15.93,1.53,-1.1,-14.89,0.072,0.021,0.972
24501,0.73,-1.35,-16.36,0.12,1.53,1.34,0.114,0.005,0.988
24552,0.62,-1.49,-15.86,-0.06,-0.24,14.34,0.077,-0.009,1.007
24611,0.54,-1.59,-14.68,0.61,2.08,26.25,0.089,-0.013,0.982
24662,0.42,-1.67,-13.29,0.49,0.92,30.33,0.083,-0.028,0.982
24732,0.29,-1.82,-10.55,0.31,-1.04,45.59,0.064,-0.004,0.958
24812,0.2,-1.88,-6.59,0,1.77,52.67,0.048,0.026,0.986
24872,0.14,-1.93,-3.33,-0.79,0.31,57.68,0.069,0.016,0.978
24932,0.07,-2.08,0.17,-1.4,-3.97,59.33,0.027,0.035,0.959
24992,0.05,-2.12,3.65,-0.12,-0.37,56.03,0.014,0.063,0.976
25062,0.09,-2.1,6.97,-0.49,-0.61,53.04,-0.022,0.022,0.998
25133,0.14,-1.96,10.84,-0.61,0.06,41.5,-0.036,0.028,1.013
25183,0.11,-1.79,12.69,-1.04,-0.98,32.84,-0.057,-0.002,1
25243,0.14,-1.57,14.13,0.31,-0.06,19.29,-0.026,0.019,0.996
25303,0.06,-1.31,14.64,-0.49,0.67,3.3,-0.056,-0.025,0.979
25363,0.05,-1.21,14.34,-0.37,0.24,-10.07,-0.051,-0.014,0.992
25423,-0.02,-1.09,13.41,-0.79,-0.49,-18.74,0.008,0.006,1.013
25503,-0.14,-0.87,11.36,0.43,1.95,-31.31,-0.023,-0.039,0.959
25564,-0.31,-0.63,9.05,-0.61,0.31,-43.46,-0.067,-0.044,0.94
25634,-0.35,-0.47,5.39,0.24,-0.37,-57.74,-0.011,-0.008,1.032
25704,-0.3,-0.36,1.08,-1.16,0.12,-62.62,0.02,0.032,1.062
25764,-0.28,-0.38,-2.61,-2.32,0.37,-59.57,0.023,0.036,0.97
25834,-0.07,-0.48,-6.57,0.43,-0.55,-53.22,0.03,0.054,0.982
25894,0.14,-0.6,-9.64,0,-0.98,-48.34,0.026,0.075,1.054
25954,0.35,-0.73,-12.24,-0.06,1.34,-40.95,0.05,0.057,0.996
26015,0.48,-0.86,-14.33,-0.98,2.2,-29.36,0.087,0.028,0.984
26075,0.56,-1.04,-15.65,-0.43,0.37,-15.93,0.087,0.023,1.001
26135,0.54,-1.29,-16.11,-0.24,1.22,-0.61,0.123,-0.013,0.999
26205,0.44,-1.55,-15.42,-0.98,-1.22,16.11,0.099,-0.001,0.999
26275,0.3,-1.65,-13.77,0.79,-0.12,28.81,0.071,-0.028,0.962
26345,0.16,-1.74,-11.35,0.31,1.65,38.02,0.063,-0.01,1.017
26395,0.05,-1.83,-9.1,0.85,1.89,47.3,0.07,-0.018,0.981
26455,0.02,-1.86,-5.97,0.37,1.95,55.05,0.067,0.004,1.021
26515,-0.01,-1.88,-2.63,-1.4,-2.56,56.52,0.025,0.028,1
26576,-0.11,-1.92,0.75,-1.53,-1.4,55.66,0.017,0.024,0.971
26657,-0.1,-1.86,4.92,-1.22,-0.18,49.19,0.001,0.044,0.974
26716,-0.05,-1.81,7.68,0.18,0.12,43.7,0.009,0.044,0.984
26796,-0.02,-1.66,10.7,0.31,-0.49,33.81,-0.045,0.008,1.005
26876,0.04,-1.44,12.56,-0.12,-0.37,16.11,-0.008,0.028,0.991
26966,0.02,-1.27,13.25,0,0.37,-0.24,-0.002,0.004,1.001
27037,-0.04,-1.09,12.86,-0.55,-0.55,-9.77,-0.03,-0.022,1.001
27097,-0.14,-0.97,11.96,-0.61,1.16,-17.03,-0.021,-0.036,1.011
27167,-0.27,-0.75,10.15,-0.49,-0.06,-31.68,-0.057,-0.061,0.956
27227,-0.43,-0.51,7.78,0.85,0.37,-47.85,-0.058,-0.048,0.949
27308,-0.47,-0.35,3.45,0,2.26,-60.06,-0.019,-0.012,0.996
27369,-0.42,-0.36,-0.13,-0.24,-1.1,-60.12,-0.009,0.003,1.021
27427,-0.38,-0.44,-3.54,-1.65,-0.12,-52.12,0.05,0.031,0.999
27487,-0.26,-0.56,-6.59,-0.31,-1.28,-47.06,0.056,0.035,0.982
27548,-0.07,-0.72,-9.29,-1.16,-0.55,-40.95,0.06,0.064,1.022
27608,0.07,-0.85,-11.43,0.24,-0.37,-31.31,0.045,0.039,1.003
27678,0.19,-0.99,-13.16,1.04,1.16,-20.2,0.056,0.013,1.002
27759,0.23,-1.33,-13.7,-0.12,0.31,-0.43,0.109,0.016,1.02
27808,0.21,-1.49,-13.13,0.49,1.04,14.71,0.078,-0.008,0.968
27878,0.18,-1.62,-11.62,-0.85,1.04,24.78,0.06,0.006,0.959
27928,0.1,-1.7,-10.03,0.43,-0.37,36.13,0.075,0.011,1.009
27989,0.01,-1.79,-7.62,-0.18,1.34,43.58,0.057,0.001,0.969
28069,-0.05,-1.79,-3.77,0.79,1.53,51.76,0.063,0.029,1.019
28139,-0.12,-1.82,0.02,-0.37,-0.06,55.79,0.056,-0.007,0.96
28199,-0.2,-1.96,3.53,-0.55,-3.23,60.24,0.039,0.011,0.969
28269,-0.27,-1.92,7.6,-0.67,0.18,58.11,0.036,0.011,0.971
28339,-0.36,-1.87,11.5,-0.85,-1.65,53.65,0.009,0.013,0.976
28530,-0.33,-1.66,20.46,1.59,1.04,42.24,0.009,0.011,1.013
28600,-0.26,-1.54,23.27,0.98,0.92,38.51,-0.01,0.033,1.006
28661,-0.3,-1.42,25.37,-0.24,0.43,34.3,0.011,0.01,1.013
28720,-0.36,-1.31,27.19,0.18,1.59,28.93,0.01,-0.001,1.003
28811,-0.49,-1.36,29.71,0.67,-0.85,28.56,0.02,-0.021,1
28871,-0.57,-1.36,31.33,-0.85,1.1,26.92,0.059,0.008,0.974
28931,-0.57,-1.35,32.94,0.24,0.92,26.92,0.01,-0.03,0.982
29001,-0.53,-1.26,34.73,2.01,2.08,25.82,0.035,0.015,1.017
29071,-0.58,-1.14,36.25,0.43,1.28,19.04,0.01,-0.014,1.005
29121,-0.63,-1.02,37,-1.34,0.85,12.15,-0.029,-0.03,0.985
29191,-0.72,-0.88,37.56,-0.24,0.12,3.78,-0.044,-0.043,0.956
29262,-0.81,-0.76,37.52,-1.95,-0.18,-2.93,-0.013,-0.034,0.98
29311,-0.77,-0.65,37.16,-0.12,1.16,-9.7,-0.013,0.005,1.004
29381,-0.66,-0.6,36.41,0.98,-0.24,-10.86,0.02,0.02,0.98
29452,-0.6,-0.7,35.79,1.71,0.85,-7.93,0.021,-0.006,1.01
29522,-0.49,-0.74,35.32,0.67,0.85,-7.2,0.014,0.009,1.019
29582,-0.33,-0.86,35.05,1.28,-2.14,-4.33,0.021,0.032,0.997
29642,-0.21,-0.96,34.97,0.12,-1.16,0.12,0.032,0.042,0.987
29702,-0.15,-1.06,35.12,-0.24,-1.16,3.48,0.049,0.025,1.013
29793,-0.08,-1.1,35.77,0.43,-0.24,9.52,0.019,0.015,1.001
29852,-0.07,-1.15,36.53,1.22,1.83,15.14,0.042,-0.011,0.969
29933,-0.05,-1.23,38.01,1.1,-0.37,21,0.035,0.009,0.992
30003,-0.04,-1.24,39.69,-0.31,0,26.12,0.046,-0.001,0.988
30063,-0.03,-1.24,41.43,-0.31,1.4,30.52,0.025,0.002,1.006
30133,-0.01,-1.25,43.73,-1.28,-0.31,34.79,0.015,0.012,1.033
30183,-0.07,-1.3,45.48,-0.37,-0.37,35.22,0.048,-0.006,0.965
30244,-0.11,-1.31,47.77,-0.06,1.89,40.16,0.052,-0.009,0.994
30303,-0.13,-1.29,50.15,1.04,0,39.73,0.018,0.003,1.01
30364,-0.14,-1.31,52.56,-0.37,-0.49,42.05,0.04,0.002,1.004
30434,-0.15,-1.25,55.33,-0.37,0.92,39,0.023,0.002,0.971
30494,-0.13,-1.23,57.69,0.55,0.61,38.21,0.012,0.02,1.002
30555,-0.11,-1.19,59.99,-0.49,-0.24,37.72,0.004,0.014,0.969
30614,-0.09,-1.13,62.08,0.24,1.1,31.86,0.011,0.012,0.95
30674,-0.04,-1.04,64.02,-0.49,0.06,31.07,0.032,0.032,0.999
30744,0.02,-1.09,66.16,-0.18,-0.92,30.58,0.019,0.043,1.009
30805,0.01,-1.16,67.99,0.49,-1.83,29.6,0.017,0.012,0.987
30856,0,-1.18,69.49,-0.73,-2.87,27.53,0.007,0.025,0.989
30925,-0.01,-1.21,71.39,-0.92,-0.31,26,0.015,0.007,0.989
30995,-0.02,-1.2,73.11,0.06,0.43,23.38,-0.003,0.006,1.002
31075,-0.08,-1.17,74.71,-0.67,-0.43,16.3,0.005,0.015,1.014
31135,-0.16,-1.05,75.51,-0.61,-1.22,9.28,-0.03,-0.032,0.988
31196,-0.23,-1.03,75.98,-0.79,0,6.53,-0.003,-0.026,0.983
31265,-0.35,-0.89,76.15,-0.73,-0.12,-1.46,-0.036,-0.046,0.985
31326,-0.41,-0.74,75.73,0.79,-0.79,-9.52,-0.023,-0.021,1.008
31386,-0.36,-0.68,74.91,1.46,0.85,-15.2,-0.02,-0.017,0.991
31456,-0.33,-0.65,73.73,-0.79,0.43,-15.99,0.034,0.007,0.974
31527,-0.27,-0.77,72.77,-1.04,-1.71,-11.6,0.018,0.01,0.998
31586,-0.19,-0.78,72.12,-1.53,-0.79,-10.25,0.026,0.042,1.009
31647,-0.07,-0.84,71.53,0.18,-1.16,-9.4,0.032,0.035,1.012
31726,0.14,-0.95,71,-0.79,-1.16,-4.39,0.049,0.023,0.993
31787,0.2,-1,70.98,-0.31,0.79,1.22,0.047,-0.002,0.981
31848,0.24,-1.09,71.34,1.28,0.18,7.63,0.033,0.015,0.986
31917,0.2,-1.13,72.11,-0.31,-0.73,13.98,0.03,0.014,1.003
31977,0.14,-1.26,73.18,0.18,0.55,21.61,0.057,-0.002,0.985
32037,0.1,-1.32,74.73,-0.67,1.22,29.42,0.046,-0.013,0.99
32098,0.06,-1.38,76.6,0.85,0.31,34.85,0.039,0.011,0.983
32167,0.03,-1.37,79.09,0.12,0.67,36.38,0.013,0.012,1.003
32237,-0.04,-1.45,81.78,-0.43,-0.31,39.55,0.038,0.018,0.997
32288,-0.11,-1.55,83.84,-0.43,-1.83,41.99,0.023,0.008,1.002
32358,-0.15,-1.6,86.8,0.31,-0.61,40.34,0.036,0.004,1.007
32418,-0.16,-1.61,89.27,0.24,0.61,41.5,0.034,0.005,1.015
32498,-0.19,-1.57,92.42,0.61,0.49,37.72,0.021,0.029,1
32558,-0.2,-1.5,94.56,-1.04,-1.59,33.45,0.024,0.026,0.991
32618,-0.16,-1.44,96.47,0.85,1.46,30.21,0.014,0.023,1.002
32688,-0.08,-1.4,98.49,0.85,-0.43,28.26,0.03,0.037,0.982
32759,-0.01,-1.36,100.47,1.59,0.18,27.47,-0.002,0.005,1.011
32819,0.03,-1.38,102.18,1.65,0.24,26.98,0.025,0.029,0.989
32899,0.03,-1.42,104.44,-0.55,-0.98,28.08,0.002,0.008,1.003
32959,0.04,-1.43,106.16,-0.12,-0.37,28.99,0.006,0.02,1.025
33029,0.02,-1.39,108.12,-0.43,1.83,27.89,0.03,0.021,0.993
33109,-0.06,-1.41,110.48,-0.73,-0.98,30.88,-0.001,-0.002,1.028
33179,-0.15,-1.4,112.73,-0.31,1.77,32.59,0.024,-0.01,1.009
33240,-0.22,-1.42,114.75,0.61,0.12,33.94,0.019,-0.038,0.956
33310,-0.29,-1.37,117.11,1.22,0.37,32.71,-0.002,-0.023,1.022
33380,-0.31,-1.22,119.17,1.22,1.71,26,-0.001,0.011,0.995
33440,-0.34,-1.21,119.42,-0.43,1.89,16.66,-0.013,-0.028,0.991
33510,-0.47,-0.99,121.26,-0.98,-1.71,8.36,-0.008,-0.013,0.97
33581,-0.55,-1.05,121.54,-1.53,-2.93,1.1,-0.001,-0.002,1.003
33650,-0.45,-0.98,121.46,-1.16,-4.03,-5.19,-0.002,0.005,0.982
33760,-0.36,-0.99,120.95,-0.79,0.49,-8.24,0.022,0.024,0.999
33851,-0.36,-0.99,120.95,-1.59,-0.67,-5.19,0.033,0.044,0.987
33941,-0.36,-0.99,120.95,-0.73,0.24,-3.42,0.018,0.041,0.998
34002,0.18,-1.16,119.51,-0.49,0.98,-0.85,0.035,0.03,0.993
34061,0.21,-1.15,119.53,-0.18,0.12,1.46,0.04,0.011,0.994
34132,0.21,-1.15,119.53,-0.18,1.04,5,0.031,0.001,0.976
34192,0.21,-1.15,119.53,0.92,0.06,10.25,0.037,-0.006,0.997
34252,0.03,-1.32,121.16,0.73,1.71,17.09,0.06,-0.026,0.979
34332,-0.1,-1.49,122.93,0.37,-0.73,25.27,0.065,-0.026,0.996
34392,-0.14,-1.55,124.66,0.67,2.2,31.62,0.057,-0.021,1.01
34452,-0.15,-1.54,126.64,0.98,-1.28,35.34,0.039,0.002,1.019
34553,-0.18,-1.48,130.15,-0.49,2.08,34.55,0.023,0.009,1.021
34603,-0.19,-1.41,131.83,0,1.4,34.06,0.024,0.01,1.034
34673,-0.15,-1.36,134.16,-0.55,0.49,33.33,0.014,0.032,1.019
34743,-0.06,-1.25,136.42,0.92,1.89,31.37,0.021,0.029,1.03
34813,0.07,-1.23,138.62,0.12,-0.55,31.86,0.041,0.024,0.968
34883,0.13,-1.32,140.98,-0.24,0.37,34.55,0.04,0.033,1.023
34953,0.13,-1.41,143.45,-0.73,-2.01,34.18,0.026,0.029,0.978
35013,0.14,-1.41,145.61,1.16,2.01,35.77,0.019,0.009,0.987
35073,0.11,-1.44,147.78,0.61,0.79,36.38,0.023,0.021,1.005
35153,-0.01,-1.51,150.7,-0.18,-1.65,37.23,0.054,0.011,0.986
35214,-0.07,-1.52,152.97,-0.43,-0.73,38.64,-0.018,-0.018,1.021
35274,-0.14,-1.54,155.29,-0.12,-0.92,37.96,0.032,-0.013,0.962
35334,-0.26,-1.45,157.43,-0.73,-0.43,33.08,0.02,-0.033,1.011
35414,-0.37,-1.28,159.68,-1.83,-0.61,23.86,-0.03,-0.021,1.002
35475,-0.47,-1.11,160.76,-0.12,1.65,14.4,-0.004,-0.012,0.981
35534,-0.58,-0.98,161.28,0.49,-0.18,3.23,-0.026,-0.026,1.02
35595,-0.68,-0.9,161.21,-0.98,-3.3,-4.58,-0.008,-0.009,1.003
35665,-0.6,-0.8,160.41,0.98,1.65,-14.95,-0.022,-0.003,1.002
35725,-0.48,-0.64,159.13,1.22,-0.49,-23.62,-0.03,0.009,0.977
35795,-0.34,-0.65,157.34,-0.67,-1.83,-25.63,0,0.023,1.014
35865,-0.24,-0.66,155.55,-2.2,0.85,-23.93,0.023,0.032,0.985
35935,-0.08,-0.82,154.17,-0.73,1.28,-16.97,0.051,0.014,0.999
36016,0.07,-0.96,153.01,0.92,-0.43,-10.13,0.046,0.041,1.006
36077,0.1,-0.99,152.46,0.12,0.85,-5.19,0.059,0.013,0.978
36146,0.07,-1.12,152.29,0,-0.06,1.71,0.071,-0.032,0.986
36216,0.09,-1.23,152.83,1.28,1.1,13.85,0.08,-0.019,0.984
36277,0.1,-1.3,153.81,0.98,-0.61,21.48,0.079,-0.007,0.989
36346,0.05,-1.46,155.63,0.98,1.53,29.79,0.051,-0.008,0.974
36406,-0.07,-1.65,157.77,-1.46,-2.26,37.66,0.043,0.013,0.995
36476,-0.21,-1.75,160.67,-0.06,-1.04,42.97,0.052,0.006,1.011
36546,-0.3,-1.82,163.86,-0.43,-0.85,46.75,0.046,0.011,1.046
36607,-0.34,-1.86,166.78,-0.24,-1.53,49.56,0.031,0.013,1.007
36667,-0.35,-1.77,169.63,0.24,-0.67,46.26,0.007,0.024,1.017
36737,-0.32,-1.68,172.82,-0.85,-2.87,43.09,0.008,0.027,0.986
36808,-0.26,-1.53,175.67,0.49,2.32,39.12,0.006,0.04,1.007
36867,-0.28,-1.45,177.89,-1.53,-0.61,34.79,-0.005,0.015,0.982
36938,-0.26,-1.45,-179.76,1.1,0.06,33.26,0.01,0.041,0.992
36997,-0.21,-1.4,-177.93,-0.55,0.92,28.75,-0.013,0.044,0.997
37057,-0.15,-1.3,-176.41,-0.92,0.73,20.45,-0.022,0.005,1.013
37118,-0.13,-1.21,-175.32,-0.18,-1.1,14.22,-0.008,-0.014,0.98
37178,-0.16,-1.18,-174.5,1.1,1.83,10.74,0.042,-0.002,0.996
37268,-0.25,-1.19,-173.46,0.12,-1.04,11.17,0.013,-0.011,0.996
37328,-0.27,-1.22,-172.74,1.04,2.44,10.86,0.042,-0.011,0.996
37409,-0.41,-1.16,-171.91,-1.22,1.4,8.91,-0.004,-0.027,0.995
37478,-0.52,-1.1,-171.48,-0.49,-0.31,2.69,0.004,-0.017,1.027
37538,-0.61,-1.01,-171.55,0.92,0.67,-5.98,-0.037,-0.039,0.975
37609,-0.65,-0.84,-172.26,0.49,0.18,-14.77,-0.022,-0.026,0.941
37669,-0.65,-0.82,-173.3,-0.31,-0.31,-18.49,0.002,-0.021,1.007
37719,-0.56,-0.83,-174.39,-0.18,-2.14,-22.03,-0.011,0,0.999
37810,-0.41,-0.84,-176.75,0.37,0.98,-28.2,0.021,0.027,1.028
37870,-0.22,-0.93,-178.45,1.59,-3.54,-30.7,0.007,0.045,1.029
37919,-0.07,-1.01,-179.84,0.73,-0.73,-25.63,0.035,0.046,0.999
37989,0.06,-1.16,178.53,-0.98,0.67,-19.59,0.071,0.029,1.024
38050,0.16,-1.16,177.47,0.55,0.12,-17.15,0.017,0.024,1.007
38120,0.28,-1.23,176.33,-0.06,-0.18,-14.28,0.057,0.019,1.013
38170,0.33,-1.29,175.73,0.31,-0.55,-11.05,0.021,0.019,1.001
38230,0.36,-1.3,175.05,-0.31,0.73,-11.84,0.037,0.016,1.005
38300,0.32,-1.36,174.38,-0.43,-1.1,-8.48,0.015,-0.021,0.994
38361,0.25,-1.32,173.91,-0.92,1.89,-9.46,0.027,-0.015,0.992
38431,0.1,-1.37,173.35,0.61,1.16,-5.62,0.08,-0.041,0.981
38491,-0.04,-1.35,173.11,-0.85,0.24,-1.83,0.065,-0.035,0.97
38540,-0.11,-1.35,173.08,-1.16,0.06,1.65,0.033,-0.017,0.971
38621,-0.18,-1.48,173.49,1.34,-0.61,9.52,0.048,-0.001,0.987
38701,-0.17,-1.71,174.68,1.28,-0.67,20.14,0.073,0.011,1.005
38772,-0.09,-1.82,176.29,0.12,-1.83,26.37,0.029,0.019,1.007
38831,0,-1.75,177.87,0.18,1.53,26.98,0.015,0.035,1.015
38891,-0.01,-1.69,179.43,-0.31,1.53,25.09,-0.003,0,0.969
38951,0,-1.63,-179.11,-1.22,0,21.91,0.007,0.038,1.002
39012,-0.03,-1.54,-177.95,-0.55,-0.31,18.19,-0.026,-0.002,1.007
39082,-0.14,-1.47,-176.91,0.12,-0.24,10.93,-0.014,-0.018,1.005
39152,-0.29,-1.32,-176.34,0.73,0.49,5.8,-0.011,-0.042,0.979
39212,-0.38,-1.24,-176.27,1.59,0.31,0.31,0.021,-0.035,0.981
39272,-0.43,-1.16,-176.55,-0.55,1.16,-5.19,0.007,-0.022,1.021
39332,-0.42,-1.05,-177.13,0.18,-1.22,-10.56,0.005,-0.011,1.024
39393,-0.43,-1.08,-177.81,-0.43,-1.04,-11.96,0.013,-0.001,1.003
39454,-0.49,-1.14,-178.41,-3.48,-1.22,-10.5,0.034,0.019,0.991
39513,-0.47,-1.16,-179.08,1.77,-0.37,-10.86,0.019,-0.002,0.95
39583,-0.33,-1.24,-179.9,-0.18,-2.14,-12.08,0.021,0.01,1.036
39653,-0.21,-1.26,179.29,-0.18,-0.18,-11.9,0.007,-0.006,0.946
39723,-0.08,-1.27,178.44,0.79,-0.67,-11.05,0.039,0.016,0.975
39783,0.02,-1.3,177.8,0.31,-0.49,-9.09,0.028,0.021,0.963
39864,0.12,-1.37,177.06,0.67,-1.1,-7.51,0.02,0.017,1.009
39934,0.18,-1.4,176.48,-0.61,-0.79,-7.02,0.035,0.025,1.014
40034,0.16,-1.38,175.78,0.79,-1.04,-4.58,0.021,-0.015,0.978
40084,0.09,-1.33,175.44,0.18,1.53,-8,0.013,-0.04,0.986
40144,0.04,-1.31,175.01,-0.24,0.85,-6.9,0.034,-0.025,0.972
40234,-0.01,-1.34,174.54,0.85,0.92,-3.91,0.047,-0.025,1.01
40305,0.03,-1.49,174.55,1.46,-0.98,1.1,0.038,-0.002,1.006
40374,0.08,-1.65,175.01,0.37,0.18,9.22,0.051,0.036,1.028
40435,0.15,-1.71,175.69,1.16,0.92,11.47,0.022,0.019,1.011
40495,0.23,-1.68,176.51,1.95,0.43,14.16,0.036,0.026,0.982
40565,0.2,-1.62,177.48,-0.18,0.31,14.59,0.018,-0.032,0.96
40625,0.19,-1.62,178.26,-0.31,0.49,12.39,0.045,0.004,0.989
40695,0.11,-1.58,179.03,0.73,0.55,8.73,0.011,-0.03,0.973
40775,-0.04,-1.53,179.52,-0.12,-1.89,2.69,0.032,-0.024,0.963
40855,-0.12,-1.58,179.75,1.28,-1.22,2.81,0.014,-0.024,1.014
40936,-0.09,-1.48,179.67,2.14,1.1,-2.93,-0.014,-0.034,0.992
41006,-0.03,-1.36,179.25,0.37,0.37,-7.02,0.021,-0.005,0.98
41066,-0.06,-1.38,178.82,-2.75,-0.98,-7.08,0.033,0.014,0.975
41126,-0.07,-1.38,178.43,0,0.43,-6.65,0.015,0.011,0.969
41206,0.02,-1.49,177.91,-1.59,-1.65,-6.23,0.04,0.036,1.019
41256,0.09,-1.52,177.6,-1.1,-0.61,-5,0.023,0.016,0.973
41327,0.13,-1.55,177.25,-1.34,-0.37,-4.09,0.033,0.02,0.963
41397,0.19,-1.54,176.95,0.24,-0.18,-4.27,0.032,0.014,1.011
41457,0.23,-1.55,176.72,-0.49,0.18,-3.17,0.034,0.001,0.966
41527,0.25,-1.54,176.48,-0.49,0.43,-4.09,0.026,0.031,1.011
41597,0.2,-1.57,176.29,-0.67,1.22,-3.11,0.032,-0.005,1.002
41667,0.15,-1.58,176.05,0.73,-0.61,-2.2,0.037,-0.009,0.99
41748,0,-1.47,175.82,-0.43,0.61,-2.93,0.007,-0.027,1.001
41818,-0.11,-1.4,175.54,0.49,1.4,-4.82,0.041,-0.003,1.016
41878,-0.18,-1.4,175.34,0.37,0.18,-3.91,0.023,-0.016,1.015
41948,-0.19,-1.48,175.26,0.24,-1.1,1.22,0.034,-0.009,0.962
42018,-0.12,-1.57,175.53,0.24,0.31,5.74,0.035,0.015,0.963
42069,0,-1.59,175.79,-0.24,-0.55,5.31,0.027,0.043,1.021
42129,0.1,-1.58,176.17,0.06,0.49,6.04,0.008,0.034,1.02
42198,0.18,-1.57,176.68,-0.43,0.98,8,0.043,-0.004,0.986
42278,0.13,-1.56,177.39,0.24,1.71,7.45,0.031,-0.009,0.966
42339,0.04,-1.48,177.81,-0.55,-0.43,6.1,0.014,-0.025,0.996
42399,-0.1,-1.38,178.04,0.73,-0.12,4.33,0.001,-0.046,1.006
42449,-0.16,-1.4,178.18,0.24,-0.55,2.32,0.015,-0.044,0.984
42519,-0.25,-1.37,178.34,-0.18,0.49,0.18,0.018,-0.015,0.991
42589,-0.22,-1.29,178.33,0.18,0.31,-1.46,0.03,0.004,1.036
42659,-0.15,-1.18,178.17,1.04,0.85,-2.5,0.04,0.037,1.011
42729,-0.06,-1.19,178.03,-0.37,-2.08,-1.28,0.022,0.007,0.982
42789,0.03,-1.19,177.92,0.61,0.43,-1.04,0.029,0.028,0.966
42860,0.16,-1.25,177.78,0.24,-0.61,-1.89,0.023,0.03,0.978
42930,0.28,-1.26,177.66,0,0.43,-1.95,0.025,0.033,1.025
43000,0.33,-1.24,177.52,0,1.28,-1.28,0.028,0.015,0.962
43050,0.38,-1.2,177.44,0.67,0.31,-1.59,0.01,0.011,0.98
43121,0.39,-1.21,177.36,-0.12,-1.53,-0.18,0,0.004,1.013
43181,0.37,-1.25,177.31,1.46,-1.28,-0.67,0.005,-0.007,0.997
43241,0.35,-1.28,177.25,0.92,0.31,-1.1,0.012,-0.018,0.967
43300,0.33,-1.34,177.2,0.73,0.67,0.31,0.058,0.008,0.972
43361,0.27,-1.32,177.14,-0.55,1.4,-1.34,0.066,-0.015,0.97
43441,0.18,-1.26,177,-0.92,1.04,-1.28,0.027,-0.002,0.997
43501,0.12,-1.24,176.9,-0.06,1.53,-2.81,0.02,-0.007,0.958
43571,0.09,-1.3,176.82,0.43,-0.67,-1.77,0.021,-0.003,0.973
43651,0.15,-1.41,176.91,-0.31,0.12,0.92,0.039,0.031,0.999
43712,0.25,-1.44,177.02,0.73,-0.12,1.34,0.031,0.026,0.989
43772,0.37,-1.43,177.14,-0.24,1.46,1.77,0.042,0.024,0.974
43852,0.44,-1.42,177.45,0.06,1.89,4.46,0.051,0.018,0.975
43912,0.38,-1.46,177.78,0.12,-1.46,6.29,0.014,-0.017,1.008
43972,0.31,-1.47,178.18,0.31,1.89,5.98,0.036,-0.016,0.979
44052,0.1,-1.4,178.69,-1.04,0.49,5.86,-0.005,-0.034,1.021
44112,-0.06,-1.43,178.96,-0.67,-0.37,3.91,0.03,-0.034,0.952
44183,-0.15,-1.47,179.37,-0.24,0.43,5.86,0.041,-0.018,1.001
44243,-0.19,-1.43,179.78,-0.98,2.32,8,0.042,-0.004,1.022
44303,-0.14,-1.39,-179.77,0.43,-1.53,8.42,0.036,0.015,1.004
44373,-0.14,-1.46,-179.11,-0.85,1.04,10.19,0.035,0.012,0.996
44453,-0.08,-1.53,-178.24,1.16,-0.12,11.72,0.022,0.021,0.999
44513,0,-1.6,-177.49,-0.37,-1.65,13.18,0.039,0.041,1.002
44583,0.08,-1.68,-176.45,0.24,0.31,16.24,0.039,0.041,1.026
44643,0.16,-1.7,-175.48,-0.37,0.98,16.91,0.027,0.026,1.014
44704,0.21,-1.71,-174.45,-0.43,0.31,17.88,0.046,0.022,1.009
44784,0.23,-1.71,-172.92,0.61,1.77,21,0.03,0.005,1.008
44854,0.24,-1.7,-171.45,1.71,0.06,21.67,0.045,0.005,0.991
44944,0.21,-1.71,-169.23,0,1.1,27.16,0.041,-0.018,0.991
45034,0.1,-1.81,-166.53,0.12,-0.92,31.86,0.043,0,0.981
45095,-0.03,-1.87,-164.42,-1.4,-0.06,35.4,0.049,-0.017,1.001
45155,-0.07,-1.87,-162.24,1.28,0.92,37.11,0.038,-0.005,0.972
45215,-0.08,-1.86,-159.96,0.79,0.12,38.76,0.033,-0.005,0.994
45295,-0.12,-1.86,-156.76,2.01,1.16,38.64,0.011,0,0.996
45355,-0.13,-1.81,-154.4,-0.37,0.12,38.45,0.023,0.003,1.004
45415,-0.16,-1.73,-152.09,-0.37,0,36.87,0.008,0.009,1.007
45515,-0.19,-1.53,-148.77,-0.43,0.73,30.88,0.017,0.019,0.99
45575,-0.13,-1.45,-147.05,0,-0.85,28.5,0.021,0.023,0.995
45666,-0.16,-1.51,-144.6,-0.73,-2.69,28.63,0.034,0.016,0.974
45726,-0.11,-1.55,-142.96,0.43,-0.31,27.4,0.012,0.008,1.004
45816,-0.03,-1.58,-140.76,-0.43,-1.65,24.29,0.015,0.018,0.981
45916,-0.03,-1.59,-138.62,-0.31,1.1,20.51,0.023,0.013,0.98
45976,-0.07,-1.53,-137.54,0.06,-1.04,17.52,0.028,0.008,1.013
46036,-0.13,-1.47,-136.73,-0.43,0.85,12.21,0.01,-0.009,0.994
46108,-0.24,-1.4,-136.12,0,1.34,5.86,0.018,-0.018,0.982
46177,-0.35,-1.33,-135.85,0.61,1.22,0.37,0,-0.045,0.989
46267,-0.51,-1.16,-136.22,1.04,-0.06,-9.58,-0.013,-0.023,1.008
46328,-0.54,-1.14,-136.9,2.01,-0.37,-12.21,0.007,-0.023,0.998
46397,-0.57,-1.19,-137.77,-0.31,0.61,-11.66,0.04,0.006,1.03
46488,-0.46,-1.19,-138.77,-1.89,1.59,-10.8,0.005,0.035,0.993
46547,-0.37,-1.2,-139.4,-1.04,-0.61,-9.34,0.027,0.031,1.026
46628,-0.21,-1.32,-139.89,-1.1,0.12,-3.6,0.05,0.014,0.961
46698,-0.15,-1.43,-139.83,0.06,0.49,4.76,0.066,0.004,1.012
46778,-0.12,-1.48,-139.29,0.18,-0.24,10.68,0.05,-0.011,1
46968,-0.25,-1.6,-135.88,0.55,1.16,24.17,0.05,0.006,0.998
47058,-0.35,-1.59,-133.37,0.12,-1.04,31.31,0.053,-0.013,0.961
47129,-0.47,-1.71,-131.01,-1.95,-2.32,36.68,0.045,-0.011,1.004
47199,-0.54,-1.87,-128.22,-0.92,-2.01,41.56,0.039,0.004,0.978
47259,-0.56,-1.89,-125.7,1.22,-0.67,42.42,0.022,0.006,1.015
47339,-0.59,-1.89,-122.31,0.85,0,42.54,0.029,0.01,0.998
47399,-0.58,-1.83,-119.77,-0.67,1.1,41.93,0.021,0.004,0.986
47459,-0.58,-1.71,-117.41,1.4,-1.22,37.9,0.015,0.007,0.952
47540,-0.47,-1.52,-114.6,1.71,-0.18,32.78,0.023,0.027,1.007
47600,-0.37,-1.41,-112.69,-0.67,-0.55,31.01,0.014,0.001,0.996
47661,-0.32,-1.33,-110.89,2.01,2.32,30.94,0.05,0.026,0.996
47720,-0.25,-1.35,-109.05,1.53,-1.04,30.76,0.013,0.029,0.981
47800,-0.15,-1.31,-106.72,0.37,-0.43,26.73,-0.022,-0.001,1
47860,-0.1,-1.25,-105.15,0.92,1.46,25.57,0.006,0.006,0.999
47930,-0.08,-1.23,-103.33,0.31,0.49,27.89,0.035,-0.003,1.008
48010,-0.12,-1.24,-101.25,0.49,0.67,25.76,0.06,0.029,0.988
48061,-0.15,-1.27,-99.75,-0.24,0.49,29.72,0.038,0.002,0.995
48121,-0.22,-1.27,-97.82,-1.65,-0.73,32.1,0.035,0,1.009
48191,-0.27,-1.27,-95.39,1.04,1.65,36.8,0.042,0,1.024
48261,-0.3,-1.21,-92.9,-0.73,0.24,35.03,0.01,-0.004,1.002
48311,-0.31,-1.09,-91.29,-0.85,2.26,31.07,0.018,-0.019,0.987
48371,-0.41,-1.04,-89.63,-0.61,-0.73,25.09,-0.025,-0.03,1.001
48462,-0.55,-1.01,-88.09,0.61,0.49,10.74,0,-0.016,0.995
48512,-0.57,-0.97,-87.65,1.28,0.43,7.45,-0.006,-0.018,0.959
48572,-0.55,-1.04,-87.36,-0.06,-2.26,4.46,0.02,0.003,0.961
48642,-0.44,-1.03,-87.3,1.04,-1.89,-0.55,0.017,0.019,1.006
48702,-0.36,-1.03,-87.45,-0.49,-0.31,-4.33,-0.021,0.021,0.977
48762,-0.27,-1.03,-87.76,-2.75,0.18,-5.43,0.015,0.023,1.011
48834,-0.14,-1.12,-88.03,0.67,-0.49,-3.23,0.014,0.022,0.989
48902,0,-1.17,-88.19,-0.24,-0.24,-0.98,0.042,0.002,0.991
48972,0.05,-1.24,-88.21,-0.37,0.06,0.98,0.041,0.009,1.008
49043,0.05,-1.27,-88.06,-0.31,0.98,3.97,0.041,-0.007,1
49113,-0.06,-1.32,-87.7,-1.04,-0.31,6.84,0.038,-0.031,1.005
49193,-0.19,-1.42,-86.94,-0.43,0.61,11.35,0.046,-0.029,0.999
49263,-0.23,-1.48,-85.83,0.18,-0.92,17.21,0.049,-0.009,0.99
49334,-0.28,-1.56,-84.4,-0.98,-0.06,21.97,0.044,-0.013,0.991
49403,-0.32,-1.61,-82.62,-0.61,-0.24,24.9,0.037,-0.003,0.994
49464,-0.34,-1.61,-81.01,-2.14,-0.12,27.95,0.053,-0.007,0.978
49544,-0.41,-1.57,-78.75,0,0.49,27.34,0.032,-0.005,0.983
49604,-0.38,-1.51,-77.05,-0.49,1.04,28.26,0.042,0.021,0.991
49664,-0.32,-1.44,-75.36,0.55,0.18,28.5,0.014,0.018,1
49755,-0.26,-1.55,-72.65,0.12,0.55,31.8,0.063,0.014,0.993
49824,-0.2,-1.69,-70.22,0,-0.37,36.68,0.051,0.033,0.989
49885,-0.15,-1.7,-68.07,1.04,-0.55,37.54,0.033,0.048,1.025
49945,-0.12,-1.75,-65.8,-0.49,0.06,39.49,0.047,0.041,1.005
50005,-0.14,-1.76,-63.44,0.49,-0.98,39.37,0.056,0.012,0.961
50065,-0.18,-1.82,-60.95,-0.67,-0.85,41.69,0.017,0.007,1.023
50135,-0.24,-1.83,-57.9,0.55,0.43,43.82,0.04,-0.001,1.002
50205,-0.34,-1.82,-54.88,1.16,0.98,42.6,0.034,0.001,0.98
50265,-0.38,-1.76,-52.23,-0.73,0.06,43.03,0.023,0,0.956
50336,-0.51,-1.61,-49.36,-1.59,1.53,37.9,-0.011,-0.018,1
50405,-0.58,-1.54,-46.92,-2.2,-2.75,32.59,0,-0.021,1.02
50476,-0.64,-1.35,-45.08,0.61,2.14,20.45,-0.014,-0.01,0.987
50536,-0.61,-1.25,-44.2,1.65,-2.2,10.68,-0.031,-0.014,0.97
50597,-0.63,-1.12,-43.81,-0.49,-0.37,2.99,-0.017,-0.025,1.01
50656,-0.7,-1.12,-43.76,-0.43,-1.4,0.12,0.05,-0.007,1.028
50717,-0.69,-1.15,-43.75,1.77,1.1,2.08,0.044,-0.013,0.967
50776,-0.65,-1.23,-43.57,0.31,-1.34,4.33,-0.002,0.014,0.986
50837,-0.52,-1.26,-43.37,-0.85,0.18,3.85,0.038,0.053,1.018
50907,-0.35,-1.21,-43.25,0.31,0.55,1.1,0.005,0.014,0.939
51007,-0.2,-1.15,-43.24,2.75,-0.67,0.37,0.009,0.015,0.988
51077,-0.11,-1.19,-43.19,1.28,-0.67,1.16,-0.002,0.007,1
51137,-0.07,-1.3,-43.18,1.1,-0.61,-0.18,0.049,-0.009,0.978
51197,-0.06,-1.33,-43.19,0,-1.59,-1.83,0.005,-0.006,0.992
51257,-0.09,-1.26,-43.38,-0.06,1.59,-5.74,0.006,-0.017,1.014
51338,-0.15,-1.24,-43.96,-0.37,1.65,-7.81,0.038,0.007,0.995
51398,-0.21,-1.3,-44.4,-0.79,-0.98,-7.45,0.047,-0.003,0.995
51458,-0.19,-1.33,-44.75,0.73,-0.92,-5.62,0.044,0.027,1.01
51518,-0.14,-1.38,-45.04,1.83,-0.37,-5.98,0.034,0.016,0.99
51588,-0.13,-1.38,-45.25,-1.65,3.48,-2.81,0.054,-0.001,0.977
51638,-0.11,-1.33,-45.32,1.1,1.83,-0.85,0.01,0.008,0.986
51708,-0.07,-1.32,-45.37,0.06,0.55,-0.18,0.009,-0.01,0.97
51769,0.01,-1.29,-45.4,-0.49,-0.31,2.5,0.047,0.031,1.007
51829,0.1,-1.3,-45.26,-0.73,0.06,2.75,0.028,0.013,0.987
51889,0.18,-1.35,-44.98,-0.24,1.04,6.16,0.028,0.021,0.973
51959,0.18,-1.42,-44.49,-0.12,0.85,7.63,0.066,-0.002,0.994
52019,0.12,-1.56,-43.62,-0.31,0.79,15.62,0.066,-0.008,1.01
52080,0.01,-1.67,-42.21,1.16,0.98,26.98,0.09,-0.013,1.007
52149,-0.12,-1.75,-40.32,-0.49,0.55,37.23,0.08,0.002,1.019
52209,-0.25,-1.82,-37.48,0.98,1.59,43.95,0.036,-0.023,1.052
52280,-0.32,-1.76,-34.27,1.34,2.26,46.39,0.059,-0.012,0.951
52340,-0.39,-1.7,-31.51,-0.31,-0.06,44.86,0.004,-0.013,1.057
52430,-0.46,-1.6,-27.71,0.37,-0.37,39.86,0.006,0.012,1.036
52500,-0.42,-1.42,-25.19,-0.55,0.18,33.45,-0.027,0.012,0.974
52560,-0.45,-1.38,-23.53,-0.92,-1.46,24.05,-0.008,-0.01,0.938
52660,-0.35,-1.16,-22.15,1.4,-1.34,6.84,-0.02,0.032,1.03
52720,-0.27,-1.05,-22.36,-1.1,-0.73,-5.98,-0.025,0.061,1.005
52782,-0.28,-0.93,-23.15,-2.44,0.79,-15.75,-0.004,0.014,0.966
52851,-0.21,-0.77,-24.77,1.22,0.24,-28.5,-0.04,0.031,0.992
52911,-0.12,-0.79,-26.8,-1.22,-0.24,-36.38,-0.005,0.006,0.99
52971,-0.04,-0.75,-29.1,-0.37,0.55,-42.42,0.009,0.018,1.01
53031,-0.01,-0.67,-31.84,0.18,-0.61,-48.22,-0.021,0.003,0.992
53092,0.07,-0.6,-34.81,1.77,1.22,-49.68,-0.02,-0.011,0.902
53171,0.22,-0.74,-38.81,0.61,-1.89,-49.13,0.026,0.022,1.005
53251,0.26,-0.81,-42.45,0.12,-1.04,-42.85,0.027,-0.002,0.969
53312,0.33,-0.93,-44.85,0.37,-2.14,-36.74,0.075,0.034,0.959
53382,0.42,-1.03,-47.15,-0.06,1.53,-28.81,0.06,0.024,0.986
53452,0.54,-1.19,-48.87,1.46,-1.28,-20.57,0.067,0.032,1.008
53513,0.6,-1.18,-49.96,0.92,-0.06,-16.97,0.005,0,0.97
53582,0.71,-1.24,-50.97,0.92,-1.83,-12.21,0.034,0.004,1.023
53632,0.7,-1.22,-51.56,-0.49,0.73,-10.93,0.051,0,0.998
53692,0.68,-1.12,-52.22,-0.24,1.53,-13.18,-0.01,-0.017,0.993
53763,0.64,-1.01,-53.39,0.37,0.79,-19.23,0.005,-0.016,0.995
53833,0.57,-0.9,-54.98,0.92,-1.16,-25.7,0.031,-0.025,0.986
53903,0.81,-1.35,-56.14,0.12,-1.28,-6.35,0.059,0.032,0.991
53964,0.71,-1.42,-56.25,-1.34,-1.34,-1.53,0.023,-0.036,0.991
54023,0.91,-0.93,-56.95,4.7,3.42,-43.4,-0.305,0.203,0.957
54083,0.88,-0.9,-59.79,1.28,-1.4,-43.27,0.077,-0.05,0.989
54143,1.19,-1.2,-61.41,1.89,-7.51,-24.29,-0.063,0.159,0.97
54204,1.26,-1.35,-62.48,-2.32,-0.18,-7.08,0.174,-0.076,0.988
54264,1.43,-1.64,-62.28,-2.32,-10.13,7.26,0.245,-0.031,0.959
54334,0.79,-2.88,-60.62,-12.63,-6.29,33.94,0.15,-0.044,1.076
54405,-1.62,-3.2,-57.42,-32.78,-7.39,60.3,0.227,-0.266,0.954
54464,-2.75,-3.16,-55.24,-23.44,-60,14.22,0.216,-0.182,0.667
54535,-3.96,-4.73,-49.41,19.53,-46.45,102.17,-0.048,-0.264,0.819
54614,0.05,-9.47,-40.42,74.95,-70.5,108.64,0.192,0.033,0.966
54675,2.53,-12.06,-34.34,36.01,-20.26,91.67,0.196,0.185,1.156
54735,0.87,-10.9,-30.69,-54.02,34.36,46.14,0.119,0.231,1.17
54796,-3.54,-7.64,-28.85,-78.67,52.98,24.48,0.098,0.094,0.91
54856,-6,-5.87,-27.61,-19.29,8.79,24.54,0.077,-0.046,0.776
54915,-4.99,-6.43,-25.59,25.39,-15.56,36.62,0.146,0.018,0.943
54985,-3.19,-7.44,-22.13,26.55,-7.81,64.45,0.274,0.039,1.008
55045,-2.43,-7.86,-17.44,11.6,-5.07,89.48,0.208,0.059,1.081
55105,-2.16,-8.65,-11.84,24.23,-22.46,90.15,0.219,0.01,0.908
55166,-0.05,-10.46,-6.58,74.04,-28.14,80.87,0.243,0.049,0.878
55246,5.91,-11.16,-0.09,68.6,21.48,75.32,0.235,0.182,1.243
55307,7.29,-9.14,4.58,6.29,58.59,68.79,0.179,0.199,1.17
55366,6.05,-6.08,8.51,-31.62,64.45,52.12,0.157,0.177,1.116
55426,4.94,-3.38,11.06,-8.79,-0.79,12.82,-0.175,0.156,0.83
55486,4.77,-4.61,10.45,-4.09,-47.55,-16.91,-0.047,0.132,0.75
55557,5.32,-7.29,8.31,3.23,-57.13,-35.22,-0.085,0.062,0.894
55626,5.6,-7.77,5.94,7.14,3.54,-31.62,0.069,0.079,0.774
55697,5.54,-7.05,3.46,-6.59,22.09,-27.53,0.195,-0.026,0.969
55767,4.95,-5.82,3.14,-16.3,12.82,-4.33,-0.051,-0.035,1.196
55837,2.73,-4.15,3.37,-30.82,22.52,2.08,0.009,0.015,0.995
55907,-0.25,-0.81,3.29,-22.64,34.42,-19.71,0.038,-0.063,0.953
55967,-0.79,-0.15,3.25,-8.36,-5,6.77,0.048,-0.047,0.979
56037,-0.76,-0.17,3.47,0.49,-0.12,-0.24,-0.016,0.013,1.015
56098,-0.79,-0.16,3.15,0.12,0.55,-7.26,-0.007,-0.05,0.984
56158,-0.96,-0.13,2.5,1.04,-0.92,-11.41,-0.014,-0.106,0.979
56228,-1.18,-0.12,1.41,0.06,1.34,-17.58,0.014,-0.078,1.018
56298,-1.22,-0.21,0.02,1.4,-3.72,-20.57,0.02,-0.035,1.045
56388,-1.37,-0.12,-2.36,-1.22,-2.14,-28.87,0.003,-0.031,1.027
56458,-1.26,-0.31,-4.31,1.4,-0.73,-28.14,0.018,0.018,0.931
56519,-0.98,-0.57,-5.49,0.18,-3.05,-22.09,0.05,0.055,1.018
56589,-0.56,-0.82,-6.83,1.16,0.24,-12.7,0.049,0.079,1.007
56659,-0.23,-1.04,-7.52,-1.04,-0.92,-8.3,0.059,0.084,1.007
56719,-0.07,-1.1,-7.88,0.55,0.43,-5.86,0.037,0.032,1.007
56779,-0.01,-1.18,-8.22,-0.43,-1.1,-5.98,0.036,0.014,1.002
56860,0.03,-1.26,-8.66,-0.37,-1.46,-4.58,0.017,-0.002,1.01
56919,0.05,-1.32,-9,0.55,0,-5.55,0.032,-0.007,0.98
56989,0.01,-1.33,-9.42,1.34,-0.18,-6.41,0.008,-0.027,0.987
57049,-0.04,-1.33,-9.85,0.12,0.37,-6.23,0.013,-0.046,0.985
57119,-0.14,-1.25,-10.4,0,0.79,-7.45,0.021,-0.041,0.976
57180,-0.19,-1.18,-10.89,0.55,1.83,-7.14,0.021,-0.035,0.994
57250,-0.24,-1.2,-11.29,0.06,-1.53,-3.66,0.032,0,0.967
57310,-0.25,-1.26,-11.41,-2.26,0.98,-0.18,0.045,0.011,1.024
57371,-0.21,-1.26,-11.42,0.79,0.92,0,0.026,0.025,1.021
57430,-0.13,-1.22,-11.35,0.24,0.43,2.14,0.028,0.04,0.96
57500,-0.09,-1.26,-10.99,-2.01,1.4,6.96,0.036,0.036,1.019
57570,0.02,-1.31,-10.23,0.31,-0.24,13.49,0.05,0.031,0.981
57641,0.09,-1.45,-9.07,-0.37,0,18.86,0.061,0.009,0.965
57702,0.14,-1.46,-7.77,0.73,0.98,21.18,0.043,0.016,1.022
57761,0.21,-1.46,-6.32,0.73,0.79,25.39,0.031,0.046,1.008
57841,0.23,-1.42,-4.32,0.37,-0.24,25.15,0.035,0.011,1.024
57901,0.18,-1.39,-2.76,-0.79,-0.73,25.76,0.025,0.002,1.014
58012,0.04,-1.45,0.14,-0.49,-0.06,26.86,0.027,0.012,0.986
58082,-0.03,-1.43,1.91,0.24,1.4,25.15,0.033,0.013,1.012
58132,-0.04,-1.44,3.14,-0.43,-1.65,24.35,0.029,-0.012,0.988
58192,-0.07,-1.48,4.59,-0.43,-0.85,23.01,0.026,-0.002,0.975
58252,-0.05,-1.54,6.05,-0.43,-1.22,24.23,0.008,0,0.978
58332,-0.06,-1.51,7.82,0.67,-0.55,19.29,-0.002,0.013,0.977
58392,-0.07,-1.43,8.84,-0.12,1.53,12.39,-0.009,-0.011,0.983
58442,-0.04,-1.34,9.42,0.43,1.46,10.8,0.014,0.025,0.997
58512,-0.03,-1.18,9.66,0.06,1.71,-2.2,-0.023,0.016,0.999
58603,-0.07,-0.97,9.06,0.06,-0.37,-12.15,-0.033,-0.01,0.984
58693,-0.24,-0.64,6.9,0.98,-1.04,-34,-0.048,-0.042,0.984
58733,-0.27,-0.57,5.41,1.04,0.06,-42.79,-0.034,-0.013,0.958
58754,-0.26,-0.53,4.52,0.79,-2.01,-45.65,-0.05,-0.029,0.955
58813,-0.26,-0.44,1.51,-0.06,-0.85,-51.15,-0.019,0.008,1.034
58823,-0.26,-0.43,0.95,-0.06,-0.85,-51.15,-0.019,0.008,1.034
58873,-0.18,-0.39,-1.85,0.18,-1.28,-57.37,-0.015,0.032,0.962
58944,0.01,-0.36,-5.96,0.73,-0.73,-58.35,0.001,0.063,1
58944,0.01,-0.36,-5.96,0.73,-0.73,-58.35,0.001,0.063,1
59014,0.27,-0.49,-9.92,2.87,-0.24,-53.83,0.027,0.037,0.939
59054,0.43,-0.49,-12.02,1.22,1.16,-50.23,0.034,0.042,1
59074,0.49,-0.52,-12.99,-0.37,0.67,-46.57,0.069,0.052,0.975
59134,0.6,-0.71,-15.36,-0.12,-0.31,-32.35,0.092,0.037,1.01
59145,0.62,-0.76,-15.69,-0.12,-0.31,-32.35,0.092,0.037,1.01
59204,0.66,-0.99,-16.96,0.24,-0.67,-15.87,0.088,0.011,0.989
59264,0.65,-1.25,-17.24,0.06,0.24,-0.31,0.094,0.012,0.986
59264,0.65,-1.25,-17.24,0.06,0.24,-0.31,0.094,0.012,0.986
59325,0.62,-1.4,-16.67,1.46,1.04,12.7,0.083,0.003,0.984
59384,0.54,-1.51,-15.42,0.43,0.43,23.86,0.073,0.007,0.969
59394,0.52,-1.52,-15.13,-1.16,1.1,29.17,0.065,-0.011,1.008
59454,0.41,-1.63,-13.19,0.67,1.34,37.41,0.061,-0.017,0.97
59467,0.4,-1.64,-12.82,0.67,1.34,37.41,0.061,-0.017,0.97
59535,0.34,-1.72,-9.76,0.18,3.91,46.08,0.043,0.006,0.975
59585,0.31,-1.78,-7.27,-0.18,0.31,51.21,0.059,0.027,0.976
59595,0.29,-1.81,-6.73,-0.31,-0.61,54.2,0.071,0.002,0.983
59645,0.18,-1.93,-3.97,-1.34,-1.34,56.46,0.043,0.001,0.984
59705,0.1,-2.01,-0.6,-0.73,0.24,54.26,0.011,0.047,0.991
59726,0.1,-1.97,0.47,-1.59,0.31,53.83,0.008,0.058,1.056
59775,0.09,-1.97,3.06,-1.34,-0.49,50.96,0.011,0.056,1.005
59835,0.1,-1.92,5.93,-0.06,-0.85,45.04,-0.039,0.004,0.984
59835,0.1,-1.92,5.93,-0.06,-0.85,45.04,-0.039,0.004,0.984
59896,0.19,-1.88,8.42,0.61,-2.44,39.12,0,0.027,0.977
59896,0.19,-1.88,8.42,0.61,-2.44,39.12,0,0.027,0.977
59955,0.23,-1.68,10.38,0.67,1.46,29.42,-0.009,0.036,1.006
60016,0.24,-1.5,11.65,0.37,-0.73,17.15,-0.052,-0.013,0.984
60016,0.24,-1.5,11.65,0.37,-0.73,17.15,-0.052,-0.013,0.984
60076,0.23,-1.32,12.13,0,-1.46,3.48,-0.037,-0.017,0.975
60136,0.21,-1.14,11.99,-0.31,1.71,-4.7,-0.014,0.012,1.001
60147,0.19,-1.14,11.91,-0.61,-2.32,-7.75,-0.022,-0.021,0.998
60226,0.08,-0.97,10.77,-1.22,1.16,-20.14,0.001,-0.01,1.022
60216,0.1,-0.99,10.96,1.1,-0.49,-17.76,-0.033,-0.039,0.959
60296,-0.07,-0.79,9.02,0.12,-0.73,-29.3,-0.055,-0.04,1.011
60306,-0.09,-0.75,8.68,-0.43,1.34,-34.36,-0.041,-0.037,1
60357,-0.23,-0.53,6.66,-1.22,0.37,-44.07,-0.084,-0.071,0.987
60417,-0.35,-0.42,3.58,-0.43,0.49,-54.93,-0.038,-0.047,0.959
60427,-0.35,-0.4,3,-0.43,0.49,-54.93,-0.033,-0.026,0.926
60487,-0.32,-0.31,-0.6,-0.37,0.79,-63.11,-0.016,0.016,0.939
60547,-0.23,-0.3,-4.42,-4.27,2.81,-63.84,0.038,0.077,0.999
60547,-0.23,-0.3,-4.42,-4.27,2.81,-63.84,0.038,0.077,0.999
60607,-0.08,-0.37,-8.1,0.43,-2.75,-58.23,0.048,0.047,0.963
60667,0.15,-0.48,-11.5,0.49,1.65,-52.8,0.065,0.052,0.991
60677,0.19,-0.49,-12.03,0.49,1.65,-52.8,0.065,0.052,0.991
60737,0.36,-0.59,-14.77,-0.24,-0.98,-41.93,0.044,0.037,1.016
60747,0.39,-0.62,-15.15,0.24,1.83,-37.84,0.087,0.047,1.003
60807,0.51,-0.87,-16.95,0.55,-3.17,-20.02,0.089,0.03,0.996
60867,0.57,-1.14,-17.72,0.67,1.4,-3.66,0.082,0.016,0.974
60878,0.58,-1.16,-17.76,0.67,1.4,-3.66,0.082,0.016,0.974
60929,0.58,-1.33,-17.55,0.49,0.92,9.03,0.103,0.032,1
60978,0.53,-1.42,-16.78,-1.59,3.42,17.88,0.054,-0.003,1.015
60998,0.53,-1.49,-16.35,-0.18,-0.92,21.85,0.071,0.018,0.98
61058,0.43,-1.62,-14.62,-0.98,1.53,31.37,0.067,0.005,0.986
61058,0.43,-1.62,-14.62,-0.98,1.53,31.37,0.067,0.005,0.986
61118,0.35,-1.69,-12.38,0.12,0.49,40.71,0.077,0,0.961
61168,0.27,-1.75,-10.12,-0.18,1.65,47.85,0.078,0.001,0.984
61178,0.25,-1.76,-9.64,-0.18,1.65,47.85,0.078,0.001,0.984
61238,0.2,-1.79,-6.43,0,0.12,56.95,0.045,-0.012,1.021
61299,0.09,-1.9,-2.88,-0.49,-0.31,60.55,0.03,0.025,1.035
61309,0.07,-1.92,-2.29,-1.04,-1.22,58.96,0.055,0.016,0.973
61379,-0.07,-1.88,1.74,-2.62,-0.85,55.3,-0.003,0.033,1.058
61369,-0.04,-1.89,1.18,-2.62,-0.85,55.3,-0.003,0.033,1.058
61439,-0.1,-1.87,4.8,-1.16,-2.38,49.93,0.008,0.048,0.994
61499,-0.1,-1.74,7.53,1.1,0.79,43.52,-0.003,0.026,1.01
61499,-0.1,-1.74,7.53,1.1,0.79,43.52,-0.003,0.026,1.01
61571,-0.03,-1.63,10.16,0.31,-0.37,31.37,0.004,0.033,0.979
61579,-0.02,-1.61,10.47,0.31,-0.37,31.37,0.004,0.033,0.979
61629,0.01,-1.54,11.85,-0.67,-0.85,22.28,-0.032,-0.006,0.987
61689,0.04,-1.36,12.88,0.06,-0.61,10.93,-0.01,0.003,0.99
61729,0.05,-1.24,13.18,0.55,1.22,2.93,-0.036,0.002,0.992
61750,0.05,-1.19,13.22,-0.43,-1.89,0.31,-0.03,0,0.984
61811,0.03,-1.01,12.87,-0.43,0.12,-11.66,-0.034,-0.022,0.986
61860,-0.01,-0.91,12.11,-0.49,0.73,-16.97,0.007,-0.001,0.988
61880,-0.02,-0.91,11.91,-0.18,-1.1,-19.84,-0.016,-0.027,1.006
61930,-0.13,-0.8,10.48,1.04,-1.59,-29.24,-0.033,-0.037,0.997
61941,-0.13,-0.79,10.18,1.04,-1.59,-29.24,-0.033,-0.037,0.997
62000,-0.31,-0.62,8.07,-1.83,1.71,-38.57,-0.016,-0.035,0.975
62050,-0.44,-0.47,5.72,-0.61,-2.81,-50.48,-0.059,-0.036,1.007
62080,-0.46,-0.46,4.14,-0.18,-0.92,-53.65,-0.021,-0.009,1.064
62130,-0.46,-0.33,1.17,-0.06,-1.77,-62.26,-0.05,-0.007,0.974
62141,-0.46,-0.32,0.55,-0.06,-1.77,-62.26,-0.05,-0.007,0.974
62200,-0.3,-0.27,-3.35,-1.16,0.85,-66.83,-0.022,0.028,0.984
62270,-0.13,-0.34,-7.83,-0.06,-1.04,-61.1,0.031,0.05,0.959
62280,-0.09,-0.36,-8.44,-0.06,-1.04,-61.1,0.031,0.05,0.959
62341,0.08,-0.52,-11.87,-0.55,-0.12,-54.63,0.058,0.049,1.026
62341,0.08,-0.52,-11.87,-0.55,-0.12,-54.63,0.058,0.049,1.026
62401,0.25,-0.63,-14.77,0.37,-0.18,-42.36,0.087,0.039,0.997
62461,0.32,-0.85,-16.8,0.73,0.61,-28.26,0.088,0.018,0.994
62461,0.32,-0.85,-16.8,0.73,0.61,-28.26,0.088,0.018,0.994
62522,0.34,-1.1,-17.82,-1.77,1.16,-11.66,0.103,0,1.01
62591,0.35,-1.39,-17.69,0.18,0.12,9.52,0.078,0.005,0.989
62601,0.35,-1.42,-17.6,0.18,0.12,9.52,0.078,0.005,0.989
62651,0.29,-1.54,-16.7,-0.92,2.01,21.06,0.071,-0.013,1.01
62711,0.18,-1.68,-15.05,0.18,0.55,33.26,0.068,0,1.015
62711,0.18,-1.68,-15.05,0.18,0.55,33.26,0.068,0,1.015
62771,0.05,-1.75,-12.8,0.18,-0.37,41.32,0.055,-0.001,0.967
62792,0.03,-1.76,-11.96,0.55,2.75,43.58,0.061,-0.002,0.989
62852,-0.03,-1.81,-9.16,0.67,-0.12,50.35,0.072,-0.001,0.957
62902,-0.08,-1.9,-6.51,-0.24,-1.16,54.38,0.068,-0.001,0.963
62912,-0.09,-1.91,-5.95,-0.43,-0.55,56.82,0.037,0.018,0.987
62973,-0.19,-2.01,-2.4,0.06,-0.06,61.04,0.023,0.021,1.027
63012,-0.22,-2.03,0,-0.06,-1.34,59.63,0.013,0.024,0.998
63032,-0.23,-2.01,1.17,-0.85,0.73,57.86,0.016,0.027,0.967
63102,-0.27,-2.01,5.19,-0.73,-0.43,56.34,0.037,0.02,0.989
63112,-0.27,-1.99,5.75,-0.55,-0.43,56.46,0.013,0.039,0.994
63182,-0.25,-1.92,9.48,0.37,-1.16,51.27,0.019,0.051,0.974
63192,-0.25,-1.88,9.98,-0.43,0.18,49.5,-0.011,0.03,1.021
63252,-0.21,-1.76,12.73,1.4,1.65,39.37,-0.012,0.021,0.981
63273,-0.2,-1.71,13.52,-0.49,-1.71,39.49,0.001,0.022,1
63333,-0.16,-1.55,15.56,0.85,-0.31,30.46,-0.034,0.001,0.998
63373,-0.14,-1.45,16.61,-0.06,0.06,22.71,-0.025,0.015,0.996
63393,-0.14,-1.4,17.05,-0.06,0.06,22.71,-0.021,-0.007,1.007
63454,-0.15,-1.28,18.01,-0.12,-0.55,13.37,0.012,-0.016,0.991
63473,-0.18,-1.26,18.23,-0.37,-0.37,9.03,-0.016,-0.024,1
63543,-0.26,-1.15,18.7,-0.12,0.18,4.64,0.009,-0.01,0.98
63543,-0.26,-1.15,18.7,-0.12,0.18,4.64,0.009,-0.01,0.98
63623,-0.42,-1.12,18.86,-0.12,-1.77,1.34,-0.001,-0.029,0.979
63633,-0.43,-1.12,18.87,-0.24,1.04,0.92,0.033,-0.014,1.013
63735,-0.55,-0.96,18.35,0.43,-0.43,-10.31,-0.002,-0.009,1.04
63735,-0.55,-0.96,18.35,0.43,-0.43,-10.31,-0.002,-0.009,1.04
63784,-0.6,-0.8,17.55,-0.79,0.24,-19.53,-0.071,-0.037,0.977
63794,-0.61,-0.77,17.33,1.04,0.79,-21.79,-0.03,-0.044,0.95
63864,-0.64,-0.68,15.52,0.79,0.73,-28.02,-0.004,-0.033,0.958
63864,-0.64,-0.68,15.52,0.79,0.73,-28.02,-0.004,-0.033,0.958
63934,-0.6,-0.65,13.4,-0.18,0.61,-30.94,0.027,0.007,0.999
63984,-0.55,-0.69,11.93,0.73,1.83,-29.42,0.034,0.023,0.943
63994,-0.55,-0.7,11.67,-0.92,-0.98,-26.37,0.009,0.006,0.981
64054,-0.5,-0.71,10.15,-2.14,0.49,-23.86,0.031,0.026,1.035
64054,-0.5,-0.71,10.15,-2.14,0.49,-23.86,0.031,0.026,1.035
64124,-0.37,-0.85,8.71,0.31,-2.08,-17.94,0.043,0.012,1.026
64184,-0.25,-0.97,7.93,-1.04,1.65,-11.29,0.052,-0.002,0.96
64194,-0.21,-0.99,7.85,0.98,0.43,-8.18,0.052,-0.002,0.96
64255,-0.1,-1.02,7.56,1.1,3.72,-1.4,0.057,0.004,0.958
64275,-0.09,-1.03,7.57,-1.65,-0.55,2.01,0.06,0.032,1.019
64345,-0.04,-1.1,7.94,-1.4,-0.06,9.16,0.049,0.018,1.019
64345,-0.04,-1.1,7.94,-1.4,-0.06,9.16,0.049,0.018,1.019
64415,-0.07,-1.3,9.06,0.06,-1.53,21.91,0.083,-0.004,0.986
64486,-0.12,-1.48,10.93,1.22,0.92,30.21,0.055,0,0.961
64515,-0.19,-1.54,11.91,-0.06,1.89,32.35,0.056,-0.01,1.019
64535,-0.22,-1.55,12.57,-1.4,-2.01,33.33,0.024,0.001,0.964
64595,-0.32,-1.64,14.79,-2.01,-0.31,38.45,0.038,0.008,1.007
64605,-0.34,-1.64,15.17,-2.01,-0.31,38.45,0.038,0.008,1.007
64655,-0.39,-1.76,17.28,1.1,0.31,44.31,0.05,-0.006,1.037
64676,-0.4,-1.77,18.19,0.98,-0.73,46.33,0.045,-0.004,0.984
64746,-0.45,-1.88,21.69,0.79,0.12,52.43,0.063,-0.012,1.003
64756,-0.45,-1.89,22.22,1.34,-0.67,53.47,0.047,0.003,0.983
64816,-0.45,-1.88,25.49,0.24,0.12,54.81,0.027,0.006,1.021
64816,-0.45,-1.88,25.49,0.24,0.12,54.81,0.027,0.006,1.021
64876,-0.48,-1.75,28.66,0.43,0.37,49.93,0.022,0.017,0.989
64956,-0.48,-1.61,32.52,-1.46,-1.65,45.35,0.008,0.002,0.993
64956,-0.48,-1.61,32.52,-1.46,-1.65,45.35,0.008,0.002,0.993
65016,-0.49,-1.55,35.21,1.04,0.49,41.75,0.018,0.01,1.012
65046,-0.51,-1.51,36.46,-0.31,-0.43,41.81,-0.001,-0.001,0.957
65107,-0.42,-1.34,38.67,1.53,1.34,34.3,0.006,0.019,0.973
65117,-0.41,-1.33,39,0.31,0.24,32.53,0.005,0.019,1.012
65166,-0.36,-1.17,40.53,0.12,0.31,29.36,-0.03,0.012,0.999
65217,-0.34,-1.13,41.88,-0.31,1.95,25.33,0.024,0.022,0.983
65237,-0.32,-1.12,42.39,1.28,0,25.88,0.038,-0.001,0.967
65297,-0.25,-1.05,43.85,0.31,0.24,22.71,0.004,-0.011,0.985
65297,-0.25,-1.05,43.85,0.31,0.24,22.71,0.004,-0.011,0.985
65367,-0.21,-1.04,45.52,0,0.73,23.44,0.03,0.013,1.004
65417,-0.19,-1.07,46.79,-0.61,-0.18,25.57,0.021,-0.006,1.006
65437,-0.2,-1.05,47.31,1.1,0.49,25.88,-0.002,-0.013,1.011
65487,-0.2,-1.01,48.63,0.18,-0.24,25.7,0.014,-0.008,1.007
65507,-0.14,-0.99,49.14,0.79,1.59,25.94,0.032,0.044,1.007
65577,-0.12,-0.91,51.06,0.24,0.18,27.77,0.043,0.008,0.979
65617,-0.1,-0.87,52.15,0.12,0.73,28.44,0.013,-0.012,0.97
65638,-0.13,-0.86,52.72,-0.18,-0.24,27.83,0,-0.021,0.98
65698,-0.13,-0.9,54.51,0.67,0.73,29.85,0.012,-0.013,1.017
65708,-0.13,-0.88,54.82,0.67,0.73,29.85,0.012,-0.013,1.017
65769,-0.23,-0.91,56.59,-0.06,-2.62,28.87,0.006,-0.013,0.964
65778,-0.24,-0.87,56.83,0.18,1.22,24.78,-0.021,-0.02,1.009
65838,-0.32,-0.81,58.28,0.49,-1.77,21.42,-0.017,-0.009,0.98
65900,-0.46,-0.75,59.31,-1.53,-2.62,11.6,-0.027,-0.05,0.954
65900,-0.46,-0.75,59.31,-1.53,-2.62,11.6,-0.027,-0.05,0.954
65968,-0.58,-0.74,59.98,0.49,-0.55,7.14,-0.006,-0.015,0.968
66018,-0.6,-0.7,60.12,-0.61,-1.53,-0.92,-0.05,0.007,0.976
66028,-0.59,-0.68,60.11,-0.61,-1.53,-0.92,-0.05,0.007,0.976
66088,-0.52,-0.61,59.78,1.1,1.22,-7.14,0.001,-0.002,1.008
66138,-0.39,-0.57,59.33,0.73,-1.83,-10.56,0.001,0.023,0.969
66149,-0.36,-0.58,59.22,0.73,-1.83,-10.56,0.001,0.023,0.969
66209,-0.22,-0.54,58.49,-0.67,0.06,-11.05,0.003,0.025,1.01
66249,-0.1,-0.6,58.01,-0.31,0.61,-13.37,0.027,0.047,0.973
66279,-0.04,-0.65,57.74,1.65,-1.53,-9.77,0.013,0.038,0.986
66340,0.04,-0.79,57.34,-0.43,-1.22,-6.65,0.029,0.043,1.002
66370,0.1,-0.79,57.16,0.18,-1.53,-5.68,0.014,0.033,0.988
66429,0.19,-0.87,56.95,-0.67,1.46,-2.99,0.02,0.03,0.991
66429,0.19,-0.87,56.95,-0.67,1.46,-2.99,0.02,0.03,0.991
66489,0.22,-0.91,56.9,-0.12,0.85,0.06,0.031,0.025,1.003
66549,0.23,-0.93,57.02,0.18,0.85,2.81,0.047,-0.011,0.985
66549,0.23,-0.93,57.02,0.18,0.85,2.81,0.047,-0.011,0.985
66641,0.14,-1.05,57.73,1.16,-0.18,12.88,0.047,-0.016,0.995
66641,0.14,-1.05,57.73,1.16,-0.18,12.88,0.047,-0.016,0.995
66700,0.04,-1.15,58.74,0.67,0.85,19.29,0.048,-0.02,0.993
66710,0.04,-1.16,58.95,0.49,-0.18,21.24,0.052,-0.01,0.994
66780,-0.03,-1.32,60.8,0.24,0.24,29.79,0.058,-0.014,0.994
66790,-0.04,-1.33,61.13,0.18,0.43,32.47,0.048,-0.012,0.982
66850,-0.13,-1.4,63.19,0.06,1.4,34.91,0.044,-0.005,0.972
66900,-0.15,-1.4,65.07,0.12,-0.06,38.39,0.024,0.02,0.994
66910,-0.16,-1.38,65.46,0.55,3.05,39.43,0.051,-0.012,0.993
66970,-0.18,-1.3,67.8,0.06,-0.31,39.92,0.022,0.009,1.007
67031,-0.21,-1.31,70.15,-0.12,-0.55,39.25,0.02,0.015,0.987
67041,-0.21,-1.31,70.54,-0.12,-0.55,39.25,0.02,0.015,0.987
67101,-0.24,-1.35,72.91,-0.06,1.28,38.94,0.035,0.02,1.012
67101,-0.24,-1.35,72.91,-0.06,1.28,38.94,0.035,0.02,1.012
67151,-0.21,-1.38,74.83,-0.43,-1.22,37.78,0.014,0.023,0.997
67221,-0.16,-1.38,77.38,-0.67,-1.16,35.83,0.017,0.044,1.004
67221,-0.16,-1.38,77.38,-0.67,-1.16,35.83,0.017,0.044,1.004
67281,-0.09,-1.39,79.5,-0.12,-0.24,34.42,0.029,0.041,0.981
67331,-0.01,-1.42,81.22,0.73,1.46,34.61,0.02,0.043,1
67341,0.01,-1.4,81.56,0.73,1.46,34.61,0.02,0.043,1
67411,0.06,-1.42,83.9,-0.73,-1.83,33.75,0.021,0.023,0.987
67461,0.11,-1.42,85.57,-0.06,-0.55,32.84,0.008,0.024,1.004
67471,0.11,-1.42,85.91,0.18,0.37,33.2,0.023,0.016,0.988
67532,0.15,-1.42,87.97,0.24,-0.24,34.48,0.011,0.006,0.997
67592,0.13,-1.43,90.09,0.12,-2.38,36.01,0.026,-0.031,0.972
67612,0.1,-1.42,90.8,0.49,2.38,34.24,0.002,0,1.004
67662,0.03,-1.46,92.59,-0.55,-2.26,36.74,0.029,-0.026,0.978
67672,0.03,-1.45,92.96,0.73,2.38,36.56,0.029,-0.026,0.978
67732,-0.04,-1.48,95.23,0.24,-0.12,38.27,0.028,0.005,0.968
67772,-0.13,-1.44,96.71,0.92,0.43,34,-0.028,-0.038,0.999
67792,-0.16,-1.39,97.38,-0.61,0.18,33.08,0.011,0.006,0.979
67852,-0.24,-1.25,99.14,0.06,1.34,26.73,-0.018,-0.03,0.981
67862,-0.26,-1.21,99.41,0.06,1.34,26.73,-0.018,-0.03,0.981
67942,-0.38,-1.08,100.96,-0.85,-1.83,16.05,-0.02,-0.025,0.998
67972,-0.39,-1,101.31,-0.24,-0.98,8.85,-0.011,-0.018,0.97
67993,-0.42,-0.97,101.48,-0.31,0.79,8.06,-0.004,-0.035,1.016
68063,-0.52,-0.76,101.57,1.28,-1.71,-3.11,-0.038,-0.036,1.02
68053,-0.51,-0.77,101.6,1.28,-1.71,-3.11,-0.038,-0.036,1.02
68133,-0.51,-0.68,100.82,0.31,0.61,-14.22,-0.016,-0.016,0.989
68184,-0.48,-0.58,99.96,-1.04,2.2,-18.55,0.004,0.014,0.993
68194,-0.44,-0.59,99.75,0.85,-1.53,-20.81,0.004,0.021,0.983
68253,-0.33,-0.55,98.5,-0.61,0.49,-20.39,-0.005,0.03,0.993
68273,-0.29,-0.53,98.07,0.31,1.83,-22.22,0.018,0.033,1.017
68333,-0.16,-0.58,96.87,0.73,-2.32,-18.13,0.037,0.038,1.019
68374,-0.1,-0.7,96.26,0.98,-2.5,-14.28,0.028,0.038,1.025
68403,-0.03,-0.76,95.82,-0.92,-1.16,-14.59,0.02,0.048,0.999
68453,0.12,-0.89,95.23,1.22,-0.92,-11.66,0.04,0.049,0.987
68464,0.13,-0.92,95.13,1.22,-0.92,-11.66,0.04,0.049,0.987
68534,0.23,-0.97,94.65,-0.31,-0.31,-3.91,0.038,0.025,0.998
68594,0.29,-1.03,94.53,-0.55,-0.55,0,0.025,0.014,0.986
68604,0.29,-1.04,94.53,-0.55,-0.55,0,0.025,0.014,0.986
68656,0.29,-1.16,94.78,-0.18,-0.79,6.29,0.053,0.012,0.988
68674,0.29,-1.21,94.95,-0.67,-0.73,10.8,0.039,0.013,0.988
68734,0.26,-1.32,95.75,-0.43,-0.49,17.88,0.038,0,0.987
68745,0.25,-1.34,95.93,-0.43,-0.49,17.88,0.038,0,0.987
68805,0.16,-1.43,97.2,-1.34,0.79,22.58,0.046,-0.013,1
68854,0.08,-1.51,98.55,-0.61,-0.37,28.56,0.071,-0.004,0.981
68864,0.07,-1.53,98.83,-0.61,-0.37,28.56,0.071,-0.004,0.981
68924,-0.04,-1.62,100.78,-0.67,-1.04,33.39,0.063,-0.02,0.989
68974,-0.07,-1.63,102.65,0.43,1.95,39,0.032,-0.001,1.01
68986,-0.07,-1.6,103.04,0.43,1.95,39,0.032,-0.001,1.01
69046,-0.12,-1.64,105.5,1.04,0.24,40.59,0.04,-0.011,0.975
69105,-0.21,-1.68,108.14,-0.12,1.1,45.04,0.053,-0.008,0.974
69105,-0.21,-1.68,108.14,-0.12,1.1,45.04,0.053,-0.008,0.974
69166,-0.3,-1.71,110.87,-0.43,-0.55,45.65,0.046,-0.003,0.966
69215,-0.29,-1.68,113.13,-0.12,-0.67,43.03,0.017,0.024,0.989
69316,-0.21,-1.55,117.24,0.73,1.04,39.37,0.017,0.03,1.023
69316,-0.21,-1.55,117.24,0.73,1.04,39.37,0.017,0.03,1.023
69356,-0.16,-1.49,118.76,0.73,0.98,36.8,0.035,0.036,0.978
69376,-0.13,-1.49,119.5,0.67,-0.18,37.78,0.03,0.024,0.965
69435,-0.05,-1.48,121.7,0.43,-0.79,37.23,0.021,0.044,0.993
69435,-0.05,-1.48,121.7,0.43,-0.79,37.23,0.021,0.044,0.993
69506,0.07,-1.44,124.18,1.1,0.06,35.71,0.021,0.051,0.988
69526,0.07,-1.42,124.84,0.12,0.92,33.14,0.026,0.016,0.965
69577,0.12,-1.33,126.44,0.61,-1.4,31.49,0.03,0.019,0.995
69606,0.16,-1.31,127.35,0.37,1.46,29.85,0.012,0.034,0.965
69676,0.14,-1.25,129.43,-1.1,-0.55,28.56,0.006,0.024,0.999
69686,0.14,-1.25,129.72,-1.1,-0.55,28.56,0.006,0.024,0.999
69746,0.03,-1.3,131.49,-1.34,-0.12,30.09,0.035,-0.008,0.982
69757,0.02,-1.32,131.81,-0.73,-1.65,31.37,0.029,0.004,1.028
69826,-0.08,-1.44,134.1,0.85,0,35.52,0.048,0.006,0.979
69826,-0.08,-1.44,134.1,0.85,0,35.52,0.048,0.006,0.979
69886,-0.19,-1.46,136.23,0.79,-0.24,35.71,0.024,-0.001,1.017
69947,-0.27,-1.46,138.29,-0.67,-0.73,34.91,0.006,-0.021,0.982
69967,-0.29,-1.45,138.97,1.04,-0.79,33.87,0.001,-0.025,0.967
70027,-0.4,-1.37,140.77,0,0.12,26.73,-0.014,0.002,0.948
70037,-0.43,-1.36,141.02,-0.37,-0.92,25.09,-0.006,-0.044,0.951
70097,-0.53,-1.24,142.28,-0.55,-0.92,15.87,-0.037,-0.006,1.015
70107,-0.53,-1.21,142.44,-0.55,-0.92,15.87,-0.037,-0.006,1.015
70177,-0.66,-0.97,142.95,0.49,-2.32,1.77,-0.024,-0.01,1.03
70187,-0.66,-0.97,142.97,0.49,-2.32,1.77,-0.024,-0.01,1.03
70247,-0.6,-0.83,142.64,0.73,0.61,-7.57,-0.038,0,1.021
70297,-0.53,-0.73,141.92,0.98,-0.43,-16.24,-0.004,0.02,0.977
70338,-0.44,-0.74,141.21,0.79,-0.24,-18.13,-0.019,0.019,1.024
70388,-0.35,-0.77,140.26,-0.92,-0.67,-18.74,0.014,0.01,0.983
70398,-0.32,-0.76,140.05,0.06,1.65,-20.81,0.002,0.046,1.01
70459,-0.16,-0.75,138.86,0.06,-1.04,-20.63,0.008,0.053,1.013
70459,-0.16,-0.75,138.86,0.06,-1.04,-20.63,0.008,0.053,1.013
70549,0.12,-0.8,137.14,-1.04,0.18,-17.94,0.033,0.038,0.994
70549,0.12,-0.8,137.14,-1.04,0.18,-17.94,0.033,0.038,0.994
70618,0.27,-0.88,136.16,0.31,0.55,-9.46,0.044,0.032,0.99
70618,0.27,-0.88,136.16,0.31,0.55,-9.46,0.044,0.032,0.99
70698,0.3,-1.01,135.66,0.24,0.73,-1.71,0.062,-0.012,0.991
70718,0.29,-1.05,135.66,-0.31,-0.18,1.4,0.054,0.002,0.988
70791,0.23,-1.15,136.03,1.04,0.61,8,0.055,-0.012,1.004
70798,0.21,-1.16,136.13,-0.92,0.31,10.07,0.034,-0.015,0.997
70849,0.1,-1.25,136.77,-0.24,-0.06,14.65,0.071,-0.028,1.005
70869,0.09,-1.27,137.13,0.43,-0.24,17.88,0.044,-0.009,0.998
70940,-0.04,-1.43,138.87,1.28,-0.92,31.19,0.072,-0.025,1.003
70940,-0.04,-1.43,138.87,1.28,-0.92,31.19,0.072,-0.025,1.003
70999,-0.12,-1.54,140.96,0.18,0.55,37.6,0.045,-0.014,0.953
71059,-0.18,-1.6,143.39,0.49,2.87,42.05,0.062,-0.004,1.022
71069,-0.19,-1.59,143.81,0.49,2.87,42.05,0.062,-0.004,1.022
71129,-0.26,-1.64,146.41,-1.04,-3.05,45.41,0.038,-0.006,0.989
71199,-0.37,-1.7,149.47,-0.67,0.24,43.58,0.028,0.016,1.022
71199,-0.37,-1.7,149.47,-0.67,0.24,43.58,0.028,0.016,1.022
71269,-0.39,-1.69,152.41,-0.18,-0.67,41.56,0.023,0.019,0.95
71299,-0.39,-1.69,153.64,0.43,-0.37,41.14,0.024,0.009,0.958
71339,-0.37,-1.69,155.23,1.04,0.73,39.37,0.028,0.024,0.987
71380,-0.32,-1.66,156.79,0.79,0.79,38.02,0.012,0.025,0.989
71420,-0.29,-1.64,158.24,0.67,0.31,34.79,0.008,0.033,0.979
71451,-0.26,-1.63,159.27,-1.46,-1.1,34.18,0.021,0.04,0.962
71530,-0.12,-1.55,161.81,0.18,-0.85,29.66,0.021,0.04,0.969
71500,-0.19,-1.57,160.91,0.92,1.28,31.62,0.003,0.052,1.032
71541,-0.11,-1.54,162.13,-0.43,0.49,31.13,0.021,0.04,0.969
71620,-0.02,-1.46,164.43,0.79,-0.55,27.65,0.03,0.018,0.994
71630,-0.01,-1.46,164.71,0.79,-0.55,27.65,0.03,0.018,0.994
71700,0.02,-1.47,166.62,0.49,-0.55,28.63,0.049,0.008,0.978
71710,0.02,-1.48,166.9,0.49,-0.55,28.63,0.049,0.008,0.978
71770,-0.05,-1.51,168.7,-0.06,-1.04,29.85,0.028,-0.014,0.98
71820,-0.13,-1.56,170.32,0.61,1.16,33.45,0.033,-0.017,1.01
71851,-0.23,-1.59,171.3,-0.18,-2.38,32.35,0.021,-0.056,0.966
71891,-0.25,-1.63,172.73,0.37,-0.85,36.5,0.048,-0.018,0.996
71931,-0.3,-1.6,174.22,0.61,0.79,36.93,0.019,-0.022,1.004
71981,-0.35,-1.57,176.17,-0.92,-0.98,38.02,-0.006,-0.013,0.992
71981,-0.35,-1.57,176.17,-0.92,-0.98,38.02,-0.006,-0.013,0.992
73183,-0.14,-1.3,172.23,0.73,1.71,3.91,0.049,-0.029,0.964
73203,-0.19,-1.3,172.3,-0.31,-0.55,3.36,0.02,-0.043,1.002
73364,-0.4,-1.47,173.89,-0.49,-1.59,16.48,0.063,-0.01,0.965
73364,-0.4,-1.47,173.89,-0.49,-1.59,16.48,0.063,-0.01,0.965
73375,-0.4,-1.47,174.07,1.04,1.34,17.46,0.059,-0.011,0.985
73375,-0.4,-1.47,174.07,1.04,1.34,17.46,0.059,-0.011,0.985
73384,-0.4,-1.48,174.24,1.04,1.34,17.46,0.059,-0.011,0.985
73384,-0.4,-1.48,174.24,1.04,1.34,17.46,0.059,-0.011,0.985
73435,-0.32,-1.61,175.4,0,-1.59,23.8,0.058,0.024,0.953
73435,-0.32,-1.61,175.4,0,-1.59,23.8,0.058,0.024,0.953
73444,-0.31,-1.65,175.64,0,-1.59,23.8,0.058,0.024,0.953
73454,-0.29,-1.65,175.92,0.67,0.98,27.65,0.058,0.024,0.953
73454,-0.29,-1.65,175.92,0.67,0.98,27.65,0.058,0.024,0.953
73464,-0.26,-1.65,176.19,0.67,0.98,27.65,0.058,0.024,0.953
73504,-0.18,-1.7,177.39,0.61,2.69,30.52,0.083,0.048,1.023
73514,-0.16,-1.72,177.7,-0.98,-1.4,31.25,0.031,0.054,1.015
73524,-0.15,-1.73,178.02,-0.98,-1.4,31.25,0.031,0.054,1.015
73524,-0.15,-1.73,178.02,-0.98,-1.4,31.25,0.031,0.054,1.015
73535,-0.13,-1.7,178.35,0.98,2.26,32.78,0.025,0.038,0.994
73535,-0.13,-1.7,178.35,0.98,2.26,32.78,0.025,0.038,0.994
73575,-0.09,-1.68,179.65,-0.49,0.73,32.96,0.043,0.063,1.003
73584,-0.07,-1.68,179.98,-0.49,0.73,32.96,0.043,0.063,1.003
73594,-0.05,-1.68,-179.7,-0.18,0.49,31.43,0.038,0.045,0.983
73594,-0.05,-1.68,-179.7,-0.18,0.49,31.43,0.038,0.045,0.983
73604,-0.03,-1.68,-179.38,-0.18,0.49,31.43,0.038,0.045,0.983
73604,-0.03,-1.68,-179.38,-0.18,0.49,31.43,0.038,0.045,0.983
73656,0,-1.58,-177.86,-0.67,1.4,28.75,0.022,0.022,0.976
73656,0,-1.58,-177.86,-0.67,1.4,28.75,0.022,0.022,0.976
73664,0,-1.57,-177.57,-0.67,1.4,28.75,0.022,0.022,0.976
73674,0.01,-1.57,-177.29,0.79,-0.67,28.87,0.023,0.028,0.988
73684,0.03,-1.57,-177,0.79,-0.67,28.87,0.023,0.028,0.988
73684,0.03,-1.57,-177,0.79,-0.67,28.87,0.023,0.028,0.988
73714,0.03,-1.51,-176.2,0.92,0.55,26.43,0.024,0.011,0.989
73725,0.04,-1.51,-175.94,0.92,0.55,26.43,0.024,0.011,0.989
73735,0.02,-1.5,-175.68,-0.85,-0.92,25.21,0.003,-0.003,0.999
73754,0.01,-1.48,-175.19,0.98,0.24,23.99,0.004,-0.002,0.971
73754,0.01,-1.48,-175.19,0.98,0.24,23.99,0.004,-0.002,0.971
73765,0.01,-1.47,-174.95,0.98,0.24,23.99,0.004,-0.002,0.971
73805,-0.03,-1.38,-174.09,0.85,1.22,21.36,0.014,-0.012,1.023
73815,-0.04,-1.38,-173.88,0.49,-2.08,20.87,0.003,-0.008,0.995
73815,-0.04,-1.38,-173.88,0.49,-2.08,20.87,0.003,-0.008,0.995
73825,-0.04,-1.4,-173.67,0.49,-2.08,20.87,0.003,-0.008,0.995
73835,-0.04,-1.4,-173.67,0.18,1.95,17.7,0.002,-0.036,1.003
73835,-0.04,-1.4,-173.67,0.18,1.95,17.7,0.002,-0.036,1.003
73875,-0.09,-1.3,-172.85,0.37,-0.31,15.26,0.029,-0.029,1.001
73875,-0.09,-1.3,-172.85,0.37,-0.31,15.26,0.029,-0.029,1.001
73895,-0.13,-1.29,-172.58,0.37,0,12.7,-0.008,-0.032,0.988
73935,-0.2,-1.16,-172.22,0.12,0.55,6.1,-0.031,-0.015,1.024
73975,-0.27,-1.04,-172.13,-0.85,1.28,-2.2,-0.015,-0.046,0.979
73996,-0.31,-1.01,-172.15,0.18,-0.49,-6.1,-0.042,-0.058,1.02
74065,-0.54,-0.77,-173.17,0.43,-1.28,-18.25,-0.047,-0.076,0.969
74065,-0.54,-0.77,-173.17,0.43,-1.28,-18.25,-0.047,-0.076,0.969
74135,-0.72,-0.72,-174.97,-2.08,-3.05,-30.33,-0.025,-0.008,1.04
74145,-0.74,-0.74,-175.28,-2.08,-3.05,-30.33,-0.025,-0.008,1.04
74196,-0.7,-0.7,-177.08,-0.67,0.67,-38.7,0.017,0.017,1.048
74276,-0.53,-0.66,179.57,0.55,-2.69,-42.79,0.009,0.006,0.975
74286,-0.48,-0.68,179.14,0.55,-2.69,-42.79,0.009,0.006,0.975
74347,-0.29,-0.85,176.61,0.85,-2.01,-41.5,0.048,0.039,0.975
74356,-0.26,-0.85,176.21,-1.53,-0.55,-39.92,0.016,0.064,0.977
74416,-0.14,-0.88,173.92,-1.59,1.34,-36.13,0.041,0.041,1.027
74426,-0.13,-0.89,173.56,-1.59,1.34,-36.13,0.041,0.041,1.027
74486,0.02,-1.02,171.59,-0.37,-1.16,-29.97,0.063,0.044,0.97
74546,0.19,-1.12,170.02,-0.55,0.06,-25.33,0.032,0.034,0.982
74557,0.24,-1.14,169.79,2.01,-1.22,-22.89,0.044,0.052,1.021
74617,0.32,-1.3,168.67,0.06,0.61,-14.28,0.079,0.031,0.988
74617,0.32,-1.3,168.67,0.06,0.61,-14.28,0.079,0.031,0.988
74687,0.36,-1.38,167.88,-0.37,-0.24,-8.85,0.078,-0.007,0.996
74738,0.33,-1.42,167.62,-0.37,-1.04,-2.26,0.061,0.009,0.996
74748,0.33,-1.45,167.6,-0.37,-1.04,-2.26,0.061,0.009,0.996
74807,0.23,-1.48,167.63,-0.12,0.92,3.11,0.061,-0.015,0.988
74867,0.1,-1.57,168.14,0.61,0.37,11.11,0.059,-0.016,0.986
74867,0.1,-1.57,168.14,0.61,0.37,11.11,0.059,-0.016,0.986
74927,-0.01,-1.65,169.18,0.61,2.01,20.45,0.073,-0.016,1.02
74947,-0.04,-1.65,169.62,0.67,0.31,22.16,0.04,-0.025,1.002
75017,-0.19,-1.82,171.72,-1.53,-2.08,32.47,0.056,0.012,1.032
75057,-0.26,-1.9,173.32,-0.49,0.85,42.85,0.072,0.014,1.042
75087,-0.31,-2,174.64,-1.71,-2.26,44.8,0.081,0.021,1.032
75147,-0.3,-2.03,177.53,1.59,0.98,49.44,0.059,0.035,0.977
75158,-0.29,-2.03,178.07,0.43,0.67,53.34,0.059,0.035,1.018
75218,-0.26,-2.05,-178.8,1.16,-2.93,53.28,0.055,0.031,0.978
75218,-0.26,-2.05,-178.8,1.16,-2.93,53.28,0.055,0.031,0.978
75278,-0.2,-1.99,-175.7,1.04,0.43,52.31,0.031,0.025,0.948
75338,-0.15,-1.86,-172.8,0.06,1.1,42.6,-0.023,0.031,1.019
75338,-0.15,-1.86,-172.8,0.06,1.1,42.6,-0.023,0.031,1.019
75408,-0.19,-1.59,-170.19,0.24,0.43,29.54,-0.059,-0.021,0.994
75458,-0.2,-1.37,-169.06,0.55,1.53,16.24,0,0.032,1.012
75478,-0.18,-1.31,-168.78,-0.43,-1.04,11.47,-0.048,0,1.001
75538,-0.2,-1.05,-168.57,-0.85,-1.22,-4.09,-0.043,-0.011,1.001
75548,-0.21,-1.03,-168.61,-0.85,-1.22,-4.09,-0.043,-0.011,1.001
75608,-0.27,-0.78,-169.52,0.61,0.24,-19.96,-0.053,-0.039,0.995
75658,-0.4,-0.59,-171.04,0.55,-1.53,-37.17,-0.052,-0.039,1.026
75669,-0.4,-0.57,-171.41,0.55,-1.53,-37.17,-0.052,-0.039,1.026
75729,-0.46,-0.45,-174.19,1.04,-0.31,-50.78,-0.049,-0.046,0.918
75779,-0.41,-0.41,-176.99,0.61,-2.62,-59.08,-0.03,-0.017,0.942
75809,-0.36,-0.4,-178.8,0.49,-1.4,-60.85,-0.035,0.013,0.966
75849,-0.28,-0.43,178.66,-0.79,-0.12,-64.39,-0.014,0.034,1.001
75869,-0.27,-0.44,177.4,-2.01,-1.28,-63.17,-0.009,0.028,0.958
75929,-0.04,-0.64,173.68,-1.46,-2.93,-61.04,0.044,0.09,1.074
75979,0.12,-0.77,170.86,0.12,-0.18,-54.69,0.044,0.046,0.962
75989,0.15,-0.8,170.31,0.12,-0.18,-54.69,0.044,0.046,0.962
76061,0.44,-0.99,166.85,0.24,0.24,-45.59,0.076,0.048,0.995
76069,0.48,-1.02,166.39,0.24,0.24,-45.59,0.076,0.048,0.995
76130,0.67,-1.27,164.16,0.55,-2.69,-32.53,0.072,0.045,0.982
76170,0.75,-1.49,163.06,0.85,-1.77,-23.74,0.103,0.033,0.985
76190,0.76,-1.53,162.64,-1.46,1.89,-21.12,0.104,0.034,0.997
76260,0.75,-1.71,161.87,-0.37,0.92,-5.55,0.073,0.024,1
76260,0.75,-1.71,161.87,-0.37,0.92,-5.55,0.073,0.024,1
76321,0.66,-1.83,161.92,-1.04,0.98,4.88,0.07,-0.001,0.992
76380,0.57,-1.9,162.56,-0.12,0.92,15.14,0.072,-0.013,0.992
76400,0.53,-1.92,162.89,-0.18,1.65,17.76,0.079,0,0.986
76460,0.41,-2.04,164.2,0.31,2.69,26.12,0.097,-0.01,0.992
76470,0.39,-2.05,164.47,0.31,2.69,26.12,0.097,-0.01,0.992
76552,0.27,-2.16,167.23,1.28,1.89,39.86,0.088,-0.003,0.975
76561,0.27,-2.19,167.66,0.79,0.12,42.66,0.078,0.023,0.954
76621,0.2,-2.37,170.59,-0.12,0.85,54.69,0.089,0.004,0.976
76631,0.18,-2.39,171.13,-0.12,0.85,54.69,0.089,0.004,0.976
76691,0.08,-2.57,174.76,-0.79,-0.73,62.93,0.065,0.015,0.958
76752,0,-2.53,178.53,-0.92,-0.49,61.46,0.02,0.049,0.981
76771,0.01,-2.46,179.77,0.67,2.56,61.83,0.026,0.036,0.986
76831,-0.08,-2.37,-176.75,-1.04,-1.83,55.18,-0.014,-0.001,0.967
76831,-0.08,-2.37,-176.75,-1.04,-1.83,55.18,-0.014,-0.001,0.967
76892,-0.03,-2.24,-173.67,2.81,0.43,47.36,0.005,0.008,0.957
76901,-0.02,-2.2,-173.2,1.22,0.73,46.63,-0.022,0.036,1.022
76972,0.01,-2.01,-170.31,0.73,0.43,35.95,-0.028,0,0.978
77011,-0.01,-1.86,-169.05,0.61,1.04,28.08,-0.02,0.019,0.987
77041,-0.02,-1.76,-168.37,-0.31,-0.55,23.68,-0.029,0.015,1.007
77101,-0.04,-1.55,-167.55,0.24,0.67,6.29,-0.054,-0.033,0.989
77112,-0.05,-1.5,-167.49,0.24,0.67,6.29,-0.054,-0.033,0.989
77172,-0.11,-1.27,-167.57,-0.37,0.67,-5.68,-0.036,-0.008,0.988
77232,-0.22,-1.05,-168.44,-0.73,-0.31,-18.98,-0.04,-0.037,0.994
77242,-0.22,-1.02,-168.67,0.24,-0.37,-22.28,-0.032,-0.013,0.986
77293,-0.29,-0.88,-170.05,0.67,1.4,-31.74,-0.044,-0.045,0.988
77312,-0.36,-0.81,-170.75,-1.28,0.06,-35.03,-0.048,-0.052,0.943
77372,-0.49,-0.62,-173.42,-0.06,-1.04,-49.74,-0.05,-0.036,1.03
77443,-0.54,-0.54,-177.34,-0.43,-2.08,-61.28,-0.04,-0.006,1.038
77443,-0.54,-0.54,-177.34,-0.43,-2.08,-61.28,-0.04,-0.006,1.038
77502,-0.49,-0.56,178.9,-2.26,-0.85,-65.06,-0.023,0.019,1.07
77512,-0.49,-0.55,178.25,-2.26,-0.85,-65.06,-0.023,0.019,1.07
77573,-0.35,-0.63,174.48,-0.06,-0.55,-61.1,0.027,0.049,0.979
77593,-0.31,-0.69,173.29,-2.62,-1.04,-60.06,0.039,0.06,0.982
77653,-0.1,-0.79,169.95,-1.04,0.06,-54.75,0.031,0.048,1.004
77663,-0.08,-0.79,169.44,-0.49,1.1,-51.64,0.032,0.033,0.985
77724,0.18,-0.95,166.58,-0.92,-1.28,-43.09,0.056,0.036,1.009
77773,0.31,-1.12,164.69,0.61,-1.46,-34.61,0.074,0.043,0.972
77793,0.37,-1.16,164.01,-0.24,1.4,-33.69,0.082,0.051,1.016
77853,0.52,-1.38,162.59,1.34,-0.37,-18.55,0.097,0.03,0.986
77863,0.52,-1.41,162.43,-1.95,1.83,-16.05,0.098,0.036,1
77923,0.57,-1.56,161.88,-1.53,0.06,-0.67,0.097,0.024,0.997
77973,0.55,-1.66,162.02,-0.18,0.92,5.8,0.059,0.019,1.007
77983,0.54,-1.68,162.13,-0.12,1.46,11.47,0.075,0,0.981
78033,0.49,-1.82,162.84,0.31,1.95,16.97,0.094,0.016,1.008
78094,0.42,-1.91,164.29,0.73,0.85,27.1,0.077,0.005,0.979
78104,0.4,-1.91,164.58,0.12,2.5,28.99,0.064,-0.016,1.015
78164,0.29,-2.01,166.61,0.06,0.31,36.87,0.05,0.006,1.03
78224,0.18,-2.1,169.14,0.18,0,46.2,0.097,-0.014,0.986
78234,0.16,-2.13,169.6,0.18,0,46.2,0.097,-0.014,0.986
78286,0.13,-2.26,172.27,3.6,0.98,58.17,0.092,-0.008,0.968
78344,0.08,-2.32,176.03,-0.24,0.79,65.49,0.049,0.025,1.017
78344,0.08,-2.32,176.03,-0.24,0.79,65.49,0.049,0.025,1.017
78415,0.04,-2.22,-179.43,0.73,1.4,63.72,0.033,0.018,0.978
78424,0.04,-2.18,-178.82,0.31,1.95,60.85,-0.005,0.043,0.995
78484,0.04,-2.01,-175.36,0.43,0.18,54.44,-0.004,0.035,0.986
78545,0.09,-1.72,-172.42,0.98,2.56,42.36,-0.021,0.041,0.961
78564,0.12,-1.65,-171.6,0.85,-0.85,40.59,-0.017,0.018,0.976
78615,0.14,-1.46,-169.85,1.04,-1.46,31.13,-0.066,-0.012,0.976
78635,0.14,-1.41,-169.27,-0.18,0.49,29.24,-0.013,0.018,1.009
78685,0.11,-1.3,-168.18,0.37,-0.85,17.88,-0.029,-0.002,1.003
78746,0.08,-1.17,-167.44,-0.18,-0.24,8.18,-0.03,-0.004,1.002
78755,0.07,-1.14,-167.37,-0.18,-0.24,8.18,-0.03,-0.004,1.002
78815,0.03,-1.02,-167.26,-0.43,-0.24,-0.79,-0.026,-0.011,0.998
78875,-0.03,-0.9,-167.64,0.37,-0.98,-8.54,-0.004,-0.019,1.016
78896,-0.04,-0.87,-167.88,0.06,-0.18,-11.84,-0.014,-0.016,0.973
78945,-0.14,-0.77,-168.78,-0.18,-1.16,-22.03,-0.045,-0.021,0.964
78945,-0.14,-0.77,-168.78,-0.18,-1.16,-22.03,-0.045,-0.021,0.964
79016,-0.32,-0.6,-170.86,-0.31,-2.99,-33.69,-0.08,-0.04,0.958
79056,-0.34,-0.6,-172.49,-0.67,-4.21,-42.3,-0.039,0.004,1.055
79076,-0.39,-0.55,-173.38,-1.53,1.16,-44.49,-0.019,-0.031,1.013
79137,-0.3,-0.52,-176.42,0.31,-1.59,-52.98,-0.035,0.026,1.059
79176,-0.23,-0.5,-178.66,-1.28,-0.85,-57.86,-0.031,0.03,0.96
79206,-0.17,-0.48,179.64,-1.4,1.1,-56.82,-0.019,0.038,1.057
79256,-0.04,-0.58,176.87,-1.04,-0.67,-54.44,0.03,0.059,0.972
79286,0.03,-0.65,175.3,-0.92,0.12,-52.19,0.051,0.048,0.979
79336,0.14,-0.74,172.83,-1.53,-0.12,-47.42,0.041,0.046,0.996
79366,0.2,-0.8,171.5,-0.06,0.49,-43.27,0.041,0.049,0.988
79427,0.36,-0.92,169.18,-0.61,0.98,-35.1,0.043,0.039,1
79427,0.36,-0.92,169.18,-0.61,0.98,-35.1,0.043,0.039,1
79497,0.53,-1.13,167.09,0.61,-1.34,-26.18,0.067,0.045,0.993
79547,0.6,-1.28,166.12,0.67,0.37,-15.62,0.094,0.026,0.998
79567,0.63,-1.33,165.86,-0.37,0.12,-11.17,0.046,0.035,0.985
79607,0.63,-1.37,165.49,-0.67,-0.24,-5.37,0.071,0.019,0.997
79627,0.62,-1.43,165.4,-1.04,-0.06,-2.87,0.08,0,0.992
79697,0.52,-1.54,165.74,-0.98,1.77,10.99,0.062,-0.02,0.99
79708,0.49,-1.55,165.85,-0.98,1.77,10.99,0.062,-0.02,0.99
79798,0.31,-1.69,167.45,-0.18,2.93,24.05,0.072,0.004,0.997
79807,0.3,-1.69,167.68,-0.18,2.93,24.05,0.072,0.004,0.997
79857,0.18,-1.76,168.89,0.43,1.04,32.65,0.066,-0.014,0.94
79867,0.15,-1.79,169.55,0.43,1.04,32.65,0.066,-0.014,0.94
79928,0.01,-1.96,171.96,-1.53,-1.1,44.01,0.102,0.001,1.017
79967,-0.04,-2.07,173.95,-1.16,-2.32,51.94,0.074,0.009,1.018
79988,-0.03,-2.11,175.06,1.65,0.43,55.42,0.081,0.014,1.029
80048,-0.03,-2.2,178.71,1.22,1.4,63.11,0.058,0.033,1.02
80058,-0.01,-2.21,179.36,2.14,1.16,64.27,0.074,0.031,1.005
80118,0.01,-2.23,-176.69,-0.98,-1.34,67.08,0.051,0.047,0.983
80178,0.03,-2.15,-172.72,0.06,1.16,65.19,0.018,0.044,1.022
80189,0.03,-2.13,-172.06,0.06,1.16,65.19,0.018,0.044,1.022
80258,0.07,-2.05,-167.74,1.22,1.4,59.14,0.011,0.031,0.982
80348,0.11,-1.79,-162.88,0.98,0.06,47.55,-0.037,-0.002,0.968
80358,0.13,-1.74,-162.44,0.92,1.53,44.37,-0.037,-0.002,0.968
80408,0.18,-1.55,-160.45,0.31,0.67,36.32,-0.021,0.012,0.992
80439,0.18,-1.45,-159.5,-1.28,-1.1,28.44,-0.052,0.003,1.001
80439,0.18,-1.45,-159.5,-1.28,-1.1,28.44,-0.052,0.003,1.001
80489,0.15,-1.33,-158.24,0.31,0.55,26.61,-0.016,0.017,0.995
80500,0.13,-1.31,-158.04,-0.98,-1.95,19.78,-0.05,-0.019,1.01
80579,0.01,-1.22,-156.95,-1.1,-0.12,9.64,0.001,-0.014,0.999
80589,0,-1.24,-156.86,-1.1,-0.12,9.64,0.001,-0.014,0.999
80649,-0.1,-1.18,-156.61,-0.55,-0.79,2.01,-0.01,-0.028,0.991
80699,-0.21,-1.1,-156.79,-0.49,-0.18,-6.65,-0.004,-0.038,1.008
80719,-0.25,-1.07,-156.96,0.37,-0.37,-10.07,-0.018,-0.033,0.982
80779,-0.4,-0.96,-157.84,1.04,-1.71,-18.25,-0.01,-0.059,0.985
80799,-0.42,-0.97,-158.23,-0.24,-0.55,-20.94,0.005,-0.021,0.992
80849,-0.41,-0.98,-159.41,1.16,-1.34,-25.33,-0.001,-0.014,1.029
80869,-0.42,-0.97,-159.92,-0.31,-0.24,-25.76,-0.001,-0.014,1.029
80930,-0.38,-0.99,-161.55,-0.06,-1.22,-26.37,0.021,0.006,0.952
80980,-0.3,-1.02,-162.83,0.06,1.04,-24.35,0.033,0.022,0.984
81000,-0.27,-1.02,-163.32,-2.14,0.67,-24.11,0.027,0.025,0.927
81060,-0.15,-1.01,-164.69,-0.37,2.87,-21.06,0.024,0.038,0.996
81060,-0.15,-1.01,-164.69,-0.37,2.87,-21.06,0.024,0.038,0.996
81130,0.12,-1.13,-165.95,2.01,-0.55,-15.5,0.044,0.028,0.998
81141,0.14,-1.13,-166.11,-0.37,1.65,-15.08,0.044,0.05,0.95
81200,0.26,-1.2,-166.76,0.24,2.2,-8.24,0.049,0.028,1
81250,0.32,-1.26,-167.05,-0.55,0.61,-3.6,0.054,0.03,1.013
81260,0.35,-1.27,-167.07,0.61,1.28,-1.59,0.064,0.029,1.005
81340,0.37,-1.44,-166.82,-0.49,-0.98,9.16,0.083,0.011,0.998
81350,0.37,-1.48,-166.73,-0.49,-0.98,9.16,0.083,0.011,0.998
81420,0.37,-1.56,-165.73,-0.12,-1.46,18.74,0.078,0.003,0.993
81420,0.37,-1.56,-165.73,-0.12,-1.46,18.74,0.078,0.003,0.993
81491,0.34,-1.64,-164.17,0.06,0.43,24.84,0.051,-0.013,1.006
81551,0.29,-1.73,-162.4,0,0.98,33.51,0.076,-0.014,0.976
81561,0.28,-1.75,-162.05,0.37,0.79,34.97,0.07,-0.004,0.996
81611,0.21,-1.81,-160.18,0.85,3.54,38.76,0.072,0,1.012
81641,0.16,-1.84,-158.95,0.55,2.62,42.36,0.058,0.007,0.993
81701,0.08,-1.91,-156.31,0.06,-0.49,46.2,0.048,-0.001,0.984
81711,0.07,-1.92,-155.85,0.06,-0.49,46.2,0.048,-0.001,0.984
81771,-0.05,-1.96,-152.91,0.37,0.31,49.74,0.056,-0.022,0.982
81813,-0.1,-1.96,-150.91,0.31,0.24,49.62,0.035,0.004,0.993
81841,-0.14,-1.9,-149.38,0.31,1.04,50.05,0.036,0.011,0.986
81891,-0.18,-1.83,-146.9,-0.43,0,49.19,0.015,0.007,0.996
81912,-0.2,-1.81,-145.95,-0.43,0.31,47.49,0.015,0.01,0.986
81972,-0.36,-1.77,-143.18,-2.26,-0.31,46.33,0.035,0.006,1.003
82012,-0.42,-1.76,-141.45,-1.04,1.65,43.15,0.021,0.025,1.019
82042,-0.46,-1.76,-140.21,-0.18,2.75,37.54,0.008,0.013,1.006
82092,-0.49,-1.67,-138.33,0.24,1.59,37.05,0.01,0.02,1.007
82112,-0.48,-1.66,-137.65,0.24,-0.37,34.48,0.019,0.01,0.99
82172,-0.51,-1.69,-135.59,-0.37,0.55,34.42,0.042,0.023,0.981
82222,-0.47,-1.7,-133.9,0.06,-1.83,34.3,0.024,0.026,0.965
82252,-0.44,-1.71,-132.88,-0.18,0.37,33.51,0.045,0.021,0.991
82304,-0.41,-1.67,-131.26,0.79,0.61,31.43,0.025,0.03,0.991
82304,-0.41,-1.67,-131.26,0.79,0.61,31.43,0.025,0.03,0.991
82362,-0.36,-1.64,-129.47,-0.49,-0.67,29.17,0.003,0.016,0.971
82413,-0.37,-1.59,-128.05,0.37,-0.31,27.1,-0.005,-0.011,0.969
82423,-0.36,-1.57,-127.78,0.06,0.55,26.92,0.011,0.027,0.993
82493,-0.36,-1.51,-125.97,-0.67,0.55,24.72,0.025,0.014,0.996
82493,-0.36,-1.51,-125.97,-0.67,0.55,24.72,0.025,0.014,0.996
82563,-0.4,-1.55,-124.12,0.31,-1.04,28.75,0.054,-0.001,0.982
82613,-0.51,-1.54,-122.75,-0.67,-0.67,26.67,0.005,-0.058,0.963
82623,-0.51,-1.56,-122.45,0.61,-0.73,29.66,0.042,-0.016,0.995
82693,-0.56,-1.61,-120.3,1.83,1.53,33.14,0.039,-0.018,1.014
82693,-0.56,-1.61,-120.3,1.83,1.53,33.14,0.039,-0.018,1.014
82763,-0.6,-1.58,-117.95,0.67,1.16,33.45,0.021,-0.035,1.001
82813,-0.68,-1.52,-116.27,-1.1,-0.18,33.51,0.033,-0.047,0.979
82863,-0.72,-1.43,-114.66,1.28,0.12,31.07,0.002,-0.024,0.974
82874,-0.72,-1.41,-114.35,1.28,0.12,31.07,0.002,-0.024,0.974
82934,-0.82,-1.26,-112.78,-0.55,-0.06,23.8,-0.01,-0.037,0.996
82944,-0.83,-1.25,-112.58,0,-0.49,19.71,-0.006,-0.028,0.987
83014,-0.91,-1.13,-111.4,0.67,0.18,14.89,0,-0.035,0.969
83054,-0.86,-1.12,-110.82,1.59,1.34,13.92,0.035,0.005,0.98
83074,-0.83,-1.08,-110.59,0.61,1.65,11.6,0.019,0.002,1.002
83134,-0.7,-0.97,-109.97,0,1.22,9.34,0.022,0.022,0.956
83144,-0.68,-0.98,-109.88,1.04,-0.61,8.85,0.023,0.011,1.007
83214,-0.57,-1,-109.23,0.18,1.65,9.4,0.041,0.021,1.012
83224,-0.56,-1.04,-109.12,-0.79,-4.09,10.56,0.021,0.03,0.998
83285,-0.48,-1.04,-108.59,1.34,1.1,8.91,0.016,0.032,0.999
83334,-0.41,-1.01,-108.18,-0.43,1.71,8.48,0.024,0.013,0.987
83354,-0.32,-1.02,-108.01,2.01,-1.71,8.54,0.004,0.038,0.987
83405,-0.26,-1.04,-107.61,0,-1.04,7.45,0.017,0.029,0.985
83455,-0.17,-1.1,-107.19,1.46,0.55,8.67,0.043,0.021,0.989
83495,-0.13,-1.15,-106.79,0.37,-0.43,10.99,0.028,0.015,0.995
83535,-0.09,-1.19,-106.33,-0.67,0,11.84,0.037,0.009,0.998
83545,-0.08,-1.19,-106.2,0.85,-0.31,12.82,0.016,0.01,1.007
83605,-0.05,-1.21,-105.38,0.49,1.46,15.56,0.04,-0.004,0.988
83665,-0.05,-1.27,-104.33,0,-0.79,19.41,0.045,-0.007,1.008
83665,-0.05,-1.27,-104.33,0,-0.79,19.41,0.045,-0.007,1.008
83735,-0.06,-1.28,-102.85,0,-0.18,22.46,0.048,-0.009,0.992
83745,-0.05,-1.27,-102.62,1.77,1.59,23.32,0.042,0,0.989
83806,-0.08,-1.3,-101.09,0.06,1.04,26.73,0.018,0.008,0.997
83866,-0.12,-1.32,-99.35,-2.08,-0.92,30.09,0.03,0,0.992
83866,-0.12,-1.32,-99.35,-2.08,-0.92,30.09,0.03,0,0.992
83926,-0.2,-1.37,-97.47,-0.06,-0.92,32.9,0.041,0.007,0.976
83976,-0.25,-1.4,-95.78,-0.55,0.37,34.06,0.037,0.001,0.987
83996,-0.25,-1.4,-95.1,0.24,0.37,33.75,0.03,0.008,0.995
84046,-0.24,-1.41,-93.36,0.98,1.95,34.12,0.026,0.003,0.986
84056,-0.23,-1.38,-93.02,0.98,1.95,34.12,0.026,0.003,0.986
84126,-0.22,-1.37,-90.63,0.06,0.18,33.63,0.03,0.018,0.998
84196,-0.2,-1.24,-88.5,1.46,-0.61,27.89,-0.007,-0.007,0.975
84207,-0.2,-1.24,-88.21,-1.4,-0.79,28.99,0.012,0.025,0.981
84256,-0.22,-1.16,-86.95,-1.46,0,23.74,-0.007,0.005,0.994
84276,-0.2,-1.12,-86.5,0.61,1.34,22.95,0.007,0.007,0.994
84347,-0.24,-1.07,-85.18,-0.67,-0.79,18.13,0.005,0.012,0.998
84347,-0.24,-1.07,-85.18,-0.67,-0.79,18.13,0.005,0.012,0.998
84417,-0.19,-0.96,-84.21,-0.12,1.83,11.9,0.005,0.016,1.001
84417,-0.19,-0.96,-84.21,-0.12,1.83,11.9,0.005,0.016,1.001
84487,-0.1,-0.95,-83.59,-0.43,0.49,7.51,-0.004,0.007,0.974
84557,-0.06,-1.02,-83.03,0.12,-0.85,7.26,0.026,0.026,0.993
84557,-0.06,-1.02,-83.03,0.12,-0.85,7.26,0.026,0.026,0.993
84617,-0.1,-1.08,-82.58,-0.12,0.43,6.53,0.035,-0.002,1.004
84627,-0.09,-1.1,-82.51,-0.12,-2.93,7.26,0.002,0.009,0.991
84687,-0.1,-1.16,-82.1,-0.92,0.31,5.74,0.015,0.001,0.999
84747,-0.1,-1.22,-81.71,-0.37,-0.55,5.55,0.04,-0.006,0.999
84747,-0.1,-1.22,-81.71,-0.37,-0.55,5.55,0.04,-0.006,0.999
84818,-0.14,-1.23,-81.31,-0.06,0.12,4.64,0.035,0,0.991
84818,-0.14,-1.23,-81.31,-0.06,0.12,4.64,0.035,0,0.991
84888,-0.26,-1.24,-81.06,-0.55,-0.55,2.44,0.019,-0.025,0.998
84928,-0.36,-1.23,-80.96,-0.18,1.16,0.55,0.036,-0.035,0.983
84948,-0.41,-1.2,-80.99,-1.04,-1.4,-2.93,-0.047,-0.054,0.976
85018,-0.54,-1.18,-81.26,-0.61,-0.67,-6.29,0.001,-0.034,0.998
85048,-0.58,-1.2,-81.45,0.98,-1.59,-5.68,0.011,-0.03,0.973
85078,-0.59,-1.23,-81.64,-1.22,0.06,-6.65,0.042,-0.001,1.025
85128,-0.58,-1.22,-82,1.1,0.37,-7.02,0.027,-0.011,1
85179,-0.51,-1.24,-82.27,0.31,1.65,-4.58,0.036,-0.009,1.004
85199,-0.46,-1.26,-82.39,1.46,-0.85,-5.8,0.027,0.012,1.007
85260,-0.38,-1.24,-82.64,-1.65,0.12,-4.58,0.036,0.007,0.997
85269,-0.35,-1.22,-82.69,1.89,1.4,-4.52,0.023,0.018,0.972
85340,-0.25,-1.32,-82.84,-2.5,-0.73,-0.37,0.066,0.052,0.973
85380,-0.18,-1.37,-82.76,-1.1,-0.37,2.01,0.019,0.036,0.997
85399,-0.15,-1.41,-82.68,-0.37,-0.55,4.33,0.048,0.038,1.022
85470,0,-1.44,-82.38,-0.12,0.85,5.86,0.03,0.04,0.981
85470,0,-1.44,-82.38,-0.12,0.85,5.86,0.03,0.04,0.981
85539,0.06,-1.46,-81.86,0.18,1.77,8.36,0.028,0.018,1.006
85550,0.07,-1.46,-81.75,0.12,-0.67,10.5,0.015,0.022,1.001
85609,0.06,-1.52,-80.99,-0.37,0.18,16.36,0.041,0.004,1
85659,0.03,-1.57,-80.12,0.55,1.16,18.25,0.058,0.001,0.988
85691,0.01,-1.59,-79.46,0.24,0.31,23.07,0.025,-0.006,1.009
85729,0,-1.65,-78.44,0.49,-0.43,27.83,0.069,-0.007,1.002
85760,-0.02,-1.72,-77.55,0.85,0.49,30.76,0.069,-0.007,0.994
85820,-0.07,-1.73,-75.55,0.67,1.59,35.95,0.056,-0.001,1.006
85830,-0.08,-1.77,-75.17,1.16,-1.28,37.96,0.084,-0.009,0.991
85900,-0.13,-1.77,-72.34,0.55,2.14,41.69,0.027,-0.001,1.012
85900,-0.13,-1.77,-72.34,0.55,2.14,41.69,0.027,-0.001,1.012
85970,-0.16,-1.75,-69.36,-0.24,0.24,43.95,0.033,0.019,1.008
86010,-0.2,-1.77,-67.58,-0.24,-0.24,44.92,0.039,0.009,1.022
86040,-0.25,-1.81,-66.25,-1.1,-2.5,44.19,0.028,0.002,1.005
86101,-0.29,-1.83,-63.56,0.37,1.53,43.88,0.025,0.011,1.012
86101,-0.29,-1.83,-63.56,0.37,1.53,43.88,0.025,0.011,1.012
86150,-0.31,-1.82,-61.41,-0.55,-1.34,42.91,0.021,0.006,1.009
86210,-0.32,-1.81,-58.89,-0.55,-1.34,40.59,-0.002,0.003,1.001
86221,-0.34,-1.81,-58.49,-0.55,-1.34,40.59,-0.002,0.003,1.001
86290,-0.36,-1.75,-56.15,-0.37,0,36.25,-0.008,0.013,1.017
86341,-0.37,-1.65,-54.05,-0.85,-0.79,31.86,0.007,0.017,1.005
86351,-0.38,-1.64,-53.72,-0.85,-0.79,31.86,0.007,0.017,1.005
86411,-0.36,-1.58,-51.94,0.73,1.22,28.75,-0.004,0.009,0.975
86421,-0.36,-1.57,-51.67,-0.31,0.37,26.31,0.032,0.018,0.98
86482,-0.3,-1.54,-50.05,-0.61,-0.49,27.34,0.034,0.002,0.976
86542,-0.23,-1.52,-48.41,1.4,1.71,27.77,0.052,0.023,1.024
86542,-0.23,-1.52,-48.41,1.4,1.71,27.77,0.052,0.023,1.024
86601,-0.19,-1.53,-46.75,0.79,0.24,28.02,0.052,0.028,1.002
86651,-0.19,-1.57,-45.38,0.18,-2.32,28.81,0.005,-0.008,0.977
86671,-0.21,-1.55,-44.82,0.79,1.16,27.83,0.027,-0.016,0.97
86732,-0.2,-1.6,-43.14,1.04,-0.61,27.77,0.02,-0.004,0.972
86782,-0.2,-1.57,-41.78,-0.18,0.24,27.89,0.015,-0.02,1.003
86792,-0.21,-1.55,-41.5,-0.18,0.24,27.89,0.015,-0.02,1.003
86862,-0.23,-1.51,-39.55,0.49,0.73,29.79,0.043,0,1.013
86862,-0.23,-1.51,-39.55,0.49,0.73,29.79,0.043,0,1.013
86933,-0.3,-1.46,-37.51,0.55,1.77,30.4,0.031,-0.01,1.025
86982,-0.32,-1.49,-35.98,0.43,0.92,29.85,0.014,-0.034,0.955
86993,-0.34,-1.48,-35.68,0.43,0.92,29.85,0.014,-0.034,0.955
87053,-0.41,-1.48,-33.86,-0.31,-0.37,29.79,0.048,-0.025,1.02
87053,-0.41,-1.48,-33.86,-0.31,-0.37,29.79,0.048,-0.025,1.02
87114,-0.46,-1.48,-32.02,0.85,0.73,29.72,0.036,-0.04,0.972
87172,-0.52,-1.36,-30.35,1.34,0.55,25.21,-0.032,-0.046,0.948
87183,-0.54,-1.31,-30.13,-0.43,1.28,22.03,-0.027,-0.03,0.971
87243,-0.6,-1.13,-29.18,-0.18,-1.28,10.31,0.007,-0.02,0.946
87293,-0.71,-1.1,-28.75,-0.67,-2.08,7.32,-0.016,-0.026,0.936
87303,-0.72,-1.1,-28.69,-0.98,-1.1,5.62,0.007,-0.014,0.966
87373,-0.75,-1.15,-28.6,-0.67,-2.5,-1.46,0.007,0.004,0.959
87423,-0.68,-1.13,-28.77,-0.37,1.22,-6.1,0,0.017,0.994
87433,-0.66,-1.1,-28.83,-0.37,1.22,-6.1,0,0.017,0.994
87493,-0.57,-1.12,-29.23,-0.61,0.73,-8,0.031,0.027,0.998
87533,-0.48,-1.09,-29.51,0.67,2.26,-7.81,0.029,0.027,0.999
87553,-0.45,-1.18,-29.65,-0.37,-3.11,-6.53,0.04,0.02,0.986
87613,-0.29,-1.22,-29.98,0.37,-0.67,-4.15,0.038,0.034,1
87653,-0.18,-1.25,-30.16,0.31,-0.49,-4.76,0.022,0.042,1.007
87684,-0.12,-1.27,-30.25,-0.49,-0.12,-3.6,0.031,0.042,1.009
87734,-0.04,-1.3,-30.35,-0.61,-0.12,-1.89,0.02,0.039,1.008
87744,-0.04,-1.3,-30.34,-0.31,0.73,0.43,0.041,0.011,0.997
87804,0,-1.3,-30.32,-0.92,-0.31,1.22,0.032,0.016,1.003
87854,0.01,-1.31,-30.21,0.18,0.61,3.48,0.038,0.009,1.012
87884,-0.02,-1.34,-30.02,-0.43,0.85,6.53,0.047,-0.023,1
87944,-0.05,-1.34,-29.54,-0.18,-0.61,9.89,0.024,-0.012,0.992
87944,-0.05,-1.34,-29.54,-0.18,-0.61,9.89,0.024,-0.012,0.992
88004,-0.13,-1.42,-28.77,0.49,-0.73,14.16,0.028,-0.002,1.006
88064,-0.21,-1.55,-27.61,-0.12,-0.43,23.32,0.064,-0.02,1.012
88064,-0.21,-1.55,-27.61,-0.12,-0.43,23.32,0.064,-0.02,1.012
88125,-0.34,-1.66,-25.99,-0.85,-1.89,30.64,0.05,-0.023,0.987
88195,-0.39,-1.71,-23.69,1.53,0.85,34.91,0.058,-0.012,1.018
88195,-0.39,-1.71,-23.69,1.53,0.85,34.91,0.058,-0.012,1.018
88255,-0.43,-1.75,-21.42,-0.67,-1.1,38.27,0.045,-0.006,0.994
88295,-0.49,-1.69,-19.88,-1.1,-0.49,38.82,0.037,-0.001,0.994
88315,-0.51,-1.66,-19.12,0,0.31,38.09,0.021,0.002,0.965
88395,-0.57,-1.56,-16.17,-0.92,0.06,36.8,0.033,0.01,0.989
88395,-0.57,-1.56,-16.17,-0.92,0.06,36.8,0.033,0.01,0.989
88445,-0.57,-1.49,-14.36,-0.12,0.37,36.25,0.032,0.023,1.034
88475,-0.54,-1.46,-13.3,0,0.43,34.97,0.018,0.027,1.027
88526,-0.44,-1.37,-11.59,1.16,1.83,33.02,0.03,0.022,0.979
88575,-0.35,-1.32,-9.93,0.18,0.18,32.71,0.008,0.044,0.976
88586,-0.35,-1.32,-9.59,-0.61,-0.06,34.18,0.042,0.028,1.027
88656,-0.31,-1.41,-7.1,-0.85,-0.43,36.01,0.011,0.011,0.997
88656,-0.31,-1.41,-7.1,-0.85,-0.43,36.01,0.011,0.011,0.997
88716,-0.28,-1.46,-4.94,-0.18,0.43,35.03,0.018,0.042,0.985
88776,-0.31,-1.44,-2.85,-1.95,-2.62,33.69,-0.042,0.021,1.011
88816,-0.29,-1.4,-1.61,-0.06,-1.22,31.49,0.013,0.028,0.988
88836,-0.33,-1.38,-1.04,-1.22,-0.18,28.5,0.011,-0.005,0.993
88898,-0.41,-1.32,0.47,-0.61,-1.28,22.46,0.008,-0.008,0.966
88898,-0.41,-1.32,0.47,-0.61,-1.28,22.46,0.008,-0.008,0.966
88966,-0.49,-1.33,1.91,-0.37,-0.67,20.32,-0.006,-0.004,1.027
89016,-0.61,-1.35,2.9,-0.43,-2.01,19.1,0.007,-0.04,1.003
89027,-0.62,-1.31,3.09,0.61,1.83,18.49,-0.011,-0.021,1.008
89087,-0.7,-1.33,4.1,1.46,-2.2,15.56,0.012,-0.051,0.974
89137,-0.75,-1.38,4.91,0.85,-2.81,16.3,0.02,-0.044,0.983
89157,-0.79,-1.3,5.18,-0.06,2.93,13.49,0.006,-0.038,0.975
89217,-0.87,-1.22,5.84,-0.85,-0.55,9.03,-0.003,-0.046,0.972
89227,-0.86,-1.2,5.9,1.71,1.16,5.92,0,-0.024,1.049
89287,-0.94,-0.96,5.87,2.26,-0.79,-6.47,-0.064,-0.063,0.958
89337,-0.94,-0.85,5.31,2.5,-1.04,-14.77,-0.032,-0.031,0.982
89347,-0.96,-0.86,5.13,-0.49,-2.5,-17.52,-0.012,-0.03,0.991
89407,-0.88,-0.76,3.76,0.18,2.62,-28.75,-0.018,-0.014,0.991
89467,-0.71,-0.73,1.86,0.98,0.98,-35.52,0,0.045,1.059
89478,-0.66,-0.71,1.5,0.98,0.98,-35.52,0,0.045,1.059
89538,-0.41,-0.65,-0.85,0.73,-0.12,-41.56,-0.005,0.044,0.936
89587,-0.13,-0.71,-2.92,0.79,-0.73,-41.56,0.027,0.061,0.941
89608,-0.04,-0.75,-3.72,0.37,-2.56,-38.76,0.017,0.044,0.973
89648,0.1,-0.87,-5.28,-1.04,-0.31,-37.48,0.045,0.062,0.994
89708,0.27,-0.94,-7.41,-0.31,0.18,-33.57,0.045,0.041,1.007
89718,0.29,-0.96,-7.75,-0.31,0.18,-33.57,0.045,0.041,1.007
89778,0.4,-1.08,-9.45,-0.31,0.18,-26.61,0.049,0.022,0.98
89788,0.41,-1.1,-9.71,0.24,-0.06,-24.96,0.061,0.021,1
89859,0.51,-1.25,-11.23,0.43,-0.55,-18.49,0.077,-0.007,0.987
89898,0.53,-1.39,-11.8,0.12,-0.79,-13.18,0.067,0.009,1.001
89928,0.53,-1.44,-12.04,0.79,0.55,-6.65,0.063,-0.015,0.987
89978,0.49,-1.54,-12.25,0.49,0.06,-1.4,0.06,-0.03,0.983
89988,0.48,-1.57,-12.26,0.43,-0.67,-0.12,0.059,-0.019,0.991
90058,0.38,-1.71,-11.94,1.28,-0.85,8,0.032,-0.035,1.002
90058,0.38,-1.71,-11.94,1.28,-0.85,8,0.032,-0.035,1.002
90130,0.21,-1.82,-11.02,0.49,0.55,18.98,0.052,-0.04,0.973
90179,0.12,-1.83,-10.05,0.12,0.92,19.71,0.04,-0.018,1.039
90189,0.12,-1.82,-9.82,1.89,0.98,22.77,0.03,-0.004,1.029
90251,0.05,-1.8,-8.38,-0.55,0.79,26.18,0.042,-0.005,1.031
90289,-0.03,-1.8,-7.3,-1.04,-0.43,29.11,0.072,0.012,1.001
90339,-0.1,-1.88,-5.74,-1.28,-0.92,32.47,0.055,0.015,0.972
90389,-0.1,-1.98,-4.04,-0.49,0.79,34.18,0.059,0.04,0.966
90409,-0.09,-1.99,-3.7,-0.12,-1.77,35.77,0.045,0.052,0.967
90450,-0.01,-2.05,-1.87,-1.04,-0.06,38.15,0.076,0.054,0.991
90469,0.02,-2.08,-1.09,0.18,-0.31,39.61,0.047,0.068,1.015
90531,0.13,-2.09,1.32,-0.61,-0.79,40.34,0.038,0.055,0.97
90550,0.16,-2.08,2.1,0.55,1.89,37.9,0.016,0.052,1.018
90619,0.31,-1.98,4.75,0.73,0.06,36.07,0,0.057,1.006
90619,0.31,-1.98,4.75,0.73,0.06,36.07,0,0.057,1.006
90690,0.31,-1.76,6.71,0.37,-0.18,21.24,-0.021,0.017,0.976
90740,0.33,-1.63,7.64,0.43,-0.12,14.95,-0.009,0.011,0.998
90750,0.34,-1.59,7.76,0.06,1.04,12.08,-0.021,0.019,0.994
90800,0.25,-1.41,8.1,-0.24,-0.43,2.62,-0.049,-0.035,0.983
90850,0.2,-1.25,7.97,-0.12,1.22,-7.81,-0.021,-0.008,0.997
90870,0.16,-1.19,7.78,-0.55,-0.85,-11.47,-0.032,-0.043,0.995
90930,0,-1.04,6.76,0.12,0.98,-22.58,-0.042,-0.077,0.983
90970,-0.16,-0.85,5.62,-1.04,-1.4,-33.39,-0.051,-0.07,0.994
90990,-0.24,-0.8,4.93,-0.31,-0.43,-35.95,-0.048,-0.06,0.992
91061,-0.4,-0.59,1.83,-0.79,0.37,-48.03,-0.036,-0.054,0.962
91112,-0.42,-0.53,-0.8,-2.08,-0.31,-52.61,-0.016,-0.023,0.935
91112,-0.42,-0.53,-0.8,-2.08,-0.31,-52.61,-0.016,-0.023,0.935
91171,-0.38,-0.5,-4.05,-1.59,2.2,-54.26,-0.006,0.028,0.941
91182,-0.37,-0.47,-4.6,-1.59,2.2,-54.26,-0.006,0.028,0.941
91241,-0.16,-0.49,-7.89,0.31,-0.92,-54.81,0.016,0.077,1.034
91301,0.07,-0.56,-11.12,1.59,0.31,-51.82,0.02,0.041,0.922
91301,0.07,-0.56,-11.12,1.59,0.31,-51.82,0.02,0.041,0.922
91371,0.35,-0.63,-14.47,-0.18,-0.73,-42.24,0.042,0.037,0.988
91411,0.46,-0.75,-16.02,1.4,-1.83,-33.81,0.084,0.025,0.989
91433,0.51,-0.82,-16.67,-0.67,1.95,-31.37,0.087,0.046,1.006
91491,0.6,-1.08,-17.99,0.31,0.67,-14.89,0.086,0.029,0.992
91502,0.62,-1.1,-18.14,0.31,0.67,-14.89,0.086,0.029,0.992
91572,0.65,-1.28,-18.44,0.49,0.18,0.98,0.072,0.012,0.98
91612,0.65,-1.36,-18.19,-1.59,1.1,10.38,0.074,-0.008,0.999
91642,0.62,-1.4,-17.95,0.67,0.85,13.43,0.076,0.002,0.987
91692,0.54,-1.54,-16.78,0.61,1.77,24.9,0.119,0,0.981
91702,0.54,-1.58,-16.52,0.61,1.77,24.9,0.119,0,0.981
91762,0.48,-1.7,-14.56,0.67,0.55,37.23,0.073,-0.005,0.976
91812,0.42,-1.73,-12.48,0.43,-0.37,45.29,0.046,-0.003,1.014
91862,0.41,-1.78,-10.1,1.71,1.04,49.74,0.06,0,0.992
91892,0.41,-1.85,-8.48,0.37,0.31,54.26,0.058,-0.008,0.966
91902,0.39,-1.86,-7.94,0.37,0.31,54.26,0.058,-0.008,0.966
91962,0.3,-2.04,-4.33,-0.61,0,63.17,0.064,0.04,0.997
92013,0.2,-2.09,-1.16,-0.85,1.1,63.05,0.025,0.033,1.003
92043,0.18,-2.08,0.08,-1.65,-1.65,61.1,0.01,0.048,1.022
92093,0.1,-2.02,3.61,0,0.67,54.99,0.004,0.047,1.005
92104,0.11,-2,4.17,0,0.67,54.99,0.004,0.047,1.005
92153,0.11,-1.98,6.81,-0.06,-1.59,50.35,0.025,0.002,0.96
92233,0.12,-1.76,10.28,1.04,1.16,35.83,-0.01,0.046,1.007
92243,0.14,-1.73,10.64,1.04,1.16,35.83,-0.01,0.046,1.007
92293,0.15,-1.61,12.18,-0.31,-1.46,24.9,-0.049,-0.003,1
92303,0.13,-1.58,12.43,-0.31,-1.46,24.9,-0.049,-0.003,1
92363,0.15,-1.35,13.38,-0.67,0.24,11.29,-0.024,0.006,0.999
92413,0.15,-1.19,13.54,-0.12,-0.55,-2.08,-0.055,-0.018,0.997
92424,0.14,-1.15,13.52,-0.12,-0.55,-2.08,-0.055,-0.018,0.997
92494,0.08,-0.93,12.78,-0.24,0.37,-17.15,-0.05,-0.016,1.004
92504,0.07,-0.88,12.61,-0.24,0.37,-17.15,-0.05,-0.016,1.004
92564,0,-0.77,11.1,-0.73,0.79,-31.01,-0.044,-0.027,0.993
92624,-0.17,-0.49,8.71,-0.24,-0.98,-44.8,-0.056,-0.051,0.974
92624,-0.17,-0.49,8.71,-0.24,-0.98,-44.8,-0.056,-0.051,0.974
92694,-0.19,-0.36,4.93,-0.49,-1.4,-59.33,-0.055,0.001,0.938
92704,-0.19,-0.34,4.33,-0.49,-1.4,-59.33,-0.055,0.001,0.938
92744,-0.14,-0.28,1.75,0.49,-1.04,-65.98,-0.027,0.018,1.031
92824,0,-0.18,-3.69,-1.46,1.53,-69.09,-0.033,0.056,0.992
92824,0,-0.18,-3.69,-1.46,1.53,-69.09,-0.033,0.056,0.992
92874,0.14,-0.24,-7.09,-2.32,-0.61,-67.63,0.049,0.083,0.979
92944,0.37,-0.38,-11.63,-0.49,-0.79,-62.56,0.032,0.072,1.002
92975,0.47,-0.36,-13.43,0.12,-1.77,-57.74,0.037,0.062,1.005
93025,0.63,-0.52,-16.05,-0.12,0,-48.52,0.098,0.059,1.001
93035,0.65,-0.54,-16.5,0.73,0.06,-45.17,0.055,0.046,1.02
93105,0.75,-0.8,-18.87,0.98,-1.71,-20.63,0.128,-0.001,0.986
93115,0.75,-0.88,-19.08,0.98,-1.71,-20.63,0.128,-0.001,0.986
93175,0.74,-1.16,-19.47,0.61,-0.12,-0.06,0.079,0.02,0.982
93226,0.66,-1.31,-19.04,-0.43,1.59,13.98,0.062,0.006,1.006
93255,0.61,-1.41,-18.51,-0.43,-1.4,19.47,0.074,-0.006,0.989
93265,0.59,-1.41,-18.3,0.31,4.15,21.61,0.092,-0.011,0.991
93325,0.43,-1.52,-16.69,0,0.67,31.01,0.057,-0.011,1.013
93375,0.34,-1.63,-14.89,0.18,0.92,38.82,0.077,-0.016,0.967
93385,0.32,-1.66,-14.49,0.55,0.92,41.14,0.095,-0.022,0.943
93446,0.23,-1.82,-11.69,1.46,1.53,50.84,0.067,0.014,0.954
93495,0.19,-1.82,-9.03,1.28,1.53,54.44,0.041,0,0.983
93526,0.2,-1.9,-7.32,-0.43,-1.28,59.69,0.069,0.013,0.972
93576,0.15,-2.03,-4.25,-1.71,-0.43,63.23,0.073,0.037,0.996
93586,0.14,-2.07,-3.62,-1.04,-3.91,62.99,0.03,0.04,0.971
93646,0.09,-2.1,0.12,-2.26,-0.43,59.75,0.009,0.061,0.964
93696,0.09,-2.06,3.05,-0.67,-1.4,56.64,-0.005,0.052,0.989
93716,0.06,-1.99,4.11,-0.67,-1.4,56.64,-0.036,0.009,1.021
93766,0.12,-1.97,6.65,0.31,-1.4,46.94,-0.029,0.024,1.003
93827,0.12,-1.82,9.23,-0.61,-1.28,35.95,-0.045,-0.008,0.981
93836,0.1,-1.8,9.59,-0.61,-1.28,35.95,-0.045,-0.008,0.981
93897,0.16,-1.59,11.3,-0.06,-0.37,22.34,-0.036,0.033,0.993
93936,0.15,-1.46,11.99,0.67,0,15.62,-0.023,0.008,0.982
93957,0.15,-1.38,12.16,-0.73,-0.61,8.79,-0.055,0.021,0.993
94027,0.09,-1.18,12.08,0.18,-0.31,-5.98,-0.04,-0.006,1
94037,0.09,-1.15,12.02,0.18,-0.31,-5.98,-0.04,-0.006,1
94097,0.04,-1.01,11.25,0,2.32,-16.11,-0.006,0.001,1.014
94097,0.04,-1.01,11.25,0,2.32,-16.11,-0.006,0.001,1.014
94167,-0.08,-0.83,9.64,0.31,-0.37,-29.3,-0.032,-0.028,0.985
94217,-0.21,-0.62,7.87,0,-0.73,-38.94,-0.081,-0.056,0.989
94227,-0.26,-0.58,7.44,-1.95,0.92,-43.58,-0.05,-0.052,0.979
94288,-0.37,-0.4,4.42,-0.37,0.79,-57.19,-0.048,-0.011,1.035
94337,-0.42,-0.31,1.47,-0.24,1.1,-61.04,-0.025,-0.024,0.936
94348,-0.42,-0.29,0.83,0.18,1.1,-63.6,-0.029,-0.014,0.974
94418,-0.31,-0.26,-3.7,0.61,-0.79,-65.31,-0.014,0.012,0.934
94418,-0.31,-0.26,-3.7,0.61,-0.79,-65.31,-0.014,0.012,0.934
94499,-0.13,-0.34,-8.87,-0.49,-1.83,-64.03,0.013,0.073,1.022
94508,-0.08,-0.34,-9.5,-0.61,0.12,-62.74,0.008,0.076,1.022
94568,0.13,-0.43,-13.02,1.4,1.16,-56.7,0.044,0.055,1.005
94619,0.32,-0.53,-15.56,0.49,0.55,-46.45,0.058,0.042,0.992
94628,0.35,-0.55,-16.02,-0.37,0.85,-45.53,0.072,0.054,0.994
94688,0.51,-0.76,-18.29,1.46,-2.14,-30.88,0.092,0.061,1.02
94699,0.56,-0.82,-18.6,1.46,-2.14,-30.88,0.092,0.061,1.02
94758,0.6,-1.05,-19.83,-0.12,2.01,-13.43,0.127,-0.009,0.975
94818,0.61,-1.31,-19.98,-0.18,-0.43,3.78,0.104,0.026,0.985
94818,0.61,-1.31,-19.98,-0.18,-0.43,3.78,0.104,0.026,0.985
94889,0.51,-1.47,-19.04,0,1.34,21.61,0.064,-0.008,1.012
94939,0.41,-1.55,-17.85,-1.1,1.4,26.73,0.076,-0.025,1.01
94959,0.35,-1.59,-17.24,0.18,0.85,29.97,0.074,-0.03,0.982
95010,0.26,-1.67,-15.4,0.37,-0.12,41.44,0.059,-0.008,1.028
95049,0.19,-1.75,-13.63,0.37,1.77,46.75,0.082,-0.014,1.021
95069,0.15,-1.78,-12.68,0,-0.55,48.95,0.051,0.001,0.977
95139,0.08,-1.85,-8.94,1.16,1.77,56.03,0.062,0.004,0.975
95139,0.08,-1.85,-8.94,1.16,1.77,56.03,0.062,0.004,0.975
95209,0,-1.94,-4.78,-0.37,-2.08,61.04,0.04,0.019,0.965
95259,-0.08,-2.02,-1.71,-1.53,-1.83,61.1,0.034,0.026,0.985
95279,-0.09,-2.03,-0.5,-1.83,-1.34,60.61,0.019,0.058,0.991
95329,-0.11,-1.99,2.39,-1.04,-0.67,55.66,-0.015,0.031,0.984
95380,-0.12,-1.92,4.5,-0.55,-2.38,51.15,0.008,0.055,0.987
95410,-0.12,-1.84,6.41,0.61,1.16,44.49,0.003,0.052,0.996
95460,-0.07,-1.77,8.52,0.92,0.31,39.67,0.004,0.036,0.972
95470,-0.08,-1.75,8.88,-0.12,-1.04,35.64,-0.027,0.001,0.97
95540,-0.07,-1.53,11.01,-0.37,-0.61,25.51,-0.053,0.024,1.011
95540,-0.07,-1.53,11.01,-0.37,-0.61,25.51,-0.053,0.024,1.011
95600,-0.05,-1.33,12.01,0.55,1.22,12.27,-0.052,0.002,0.988
95650,-0.04,-1.24,12.22,-0.31,-0.18,-1.71,-0.018,-0.016,0.977
95671,-0.05,-1.2,12.18,-0.37,-0.98,-2.87,-0.023,0,1.015
95730,-0.09,-1.04,11.66,0.49,2.26,-14.65,-0.011,0.004,0.997
95770,-0.13,-0.94,10.94,-0.12,0.92,-20.32,-0.033,-0.043,1.006
95801,-0.2,-0.87,10.29,-0.49,-0.79,-22.34,-0.027,-0.044,0.964
95862,-0.28,-0.72,8.51,-0.24,-0.37,-32.9,-0.047,-0.045,0.971
95891,-0.39,-0.61,7.34,-1.1,-0.12,-40.77,-0.066,-0.078,0.957
95941,-0.49,-0.45,4.97,0.49,-1.95,-51.45,-0.062,-0.044,1.005
95961,-0.5,-0.41,3.88,-0.49,-0.06,-54.26,-0.036,-0.021,1.05
96011,-0.53,-0.34,0.95,0.92,0.18,-61.71,-0.042,-0.017,0.953
96051,-0.47,-0.34,-1.52,0.06,-1.71,-62.13,0.003,0.006,1.03
96111,-0.37,-0.36,-5.25,-1.4,-1.04,-58.53,0.023,0.032,0.975
96111,-0.37,-0.36,-5.25,-1.4,-1.04,-58.53,0.023,0.032,0.975
96182,-0.16,-0.51,-9.2,-0.92,0.12,-54.38,0.029,0.044,0.959
96182,-0.16,-0.51,-9.2,-0.92,0.12,-54.38,0.029,0.044,0.959
96251,0.04,-0.72,-12.57,0.73,-2.2,-40.65,0.065,0.079,1.002
96291,0.13,-0.79,-14.13,0.49,-1.04,-35.4,0.071,0.017,1.006
96312,0.16,-0.84,-14.8,0.06,2.69,-32.1,0.082,0.036,0.998
96382,0.26,-1.14,-16.29,0.37,-1.1,-13,0.107,0.005,0.978
96462,0.29,-1.51,-16.19,0.49,-1.46,10.01,0.102,0,0.999
96452,0.29,-1.44,-16.29,0.49,-1.46,10.01,0.102,0,0.999
96462,0.29,-1.51,-16.19,0.49,-1.46,10.01,0.102,0,0.999
96532,0.26,-1.68,-14.79,0.55,1.4,26.55,0.098,0,1.011
96592,0.18,-1.79,-12.82,-0.61,1.1,37.96,0.082,0,1.01
96622,0.12,-1.82,-11.61,-0.18,0.92,41.5,0.063,-0.006,1.038
96622,0.12,-1.82,-11.61,-0.18,0.92,41.5,0.063,-0.006,1.038
96702,-0.01,-1.94,-7.69,0.12,2.14,51.7,0.091,-0.012,0.963
96702,-0.01,-1.94,-7.69,0.12,2.14,51.7,0.091,-0.012,0.963
96772,-0.1,-1.87,-3.78,-0.18,0.37,57.68,0.026,0.028,1.022
96813,-0.15,-1.9,-1.42,0.67,-0.92,60.55,0.04,0.019,0.993
96853,-0.23,-1.97,1.02,-0.98,-2.2,61.34,0.008,0.015,1.001
96893,-0.29,-1.96,3.43,-0.43,-3.3,59.51,0.015,0.025,0.982
96904,-0.3,-1.98,4.03,-0.43,-3.3,59.51,0.015,0.025,0.982
96983,-0.38,-1.85,8.46,-1.34,-0.55,53.34,0.005,0.02,0.983
96983,-0.38,-1.85,8.46,-1.34,-0.55,53.34,0.005,0.02,0.983
97053,-0.41,-1.77,11.88,-0.18,-0.12,46.33,-0.002,0.031,1.004
97063,-0.41,-1.75,12.35,-0.18,-0.12,46.33,-0.002,0.031,1.004
97123,-0.38,-1.7,14.93,-0.37,-1.95,42.85,0.015,0.028,0.993
97173,-0.31,-1.66,16.95,0.37,0.24,40.83,0.019,0.001,0.995
97194,-0.27,-1.63,17.75,1.89,0.79,39.06,0.01,0.052,1.007
97294,-0.2,-1.44,21.26,1.1,1.71,30.82,0.025,0.018,0.975
97304,-0.18,-1.43,21.57,1.1,1.71,30.82,0.025,0.018,0.975
97314,-0.19,-1.44,21.88,-0.85,-2.08,31.43,0.021,0.016,0.999
97384,-0.21,-1.37,23.93,-0.37,0.31,27.71,0.009,0.002,0.997
97395,-0.23,-1.37,24.22,0.31,-0.55,28.5,0.024,-0.009,0.981
97454,-0.3,-1.42,25.91,0.55,0.98,28.14,0.036,0.003,0.994
97464,-0.3,-1.42,26.19,0.55,0.98,28.14,0.036,0.003,0.994
97534,-0.39,-1.45,28.19,-0.79,-1.28,28.87,0.011,-0.018,0.989
97574,-0.43,-1.39,29.35,0.79,0.92,27.95,0.028,0.01,0.986
97614,-0.47,-1.36,30.42,1.1,2.14,24.84,0.001,-0.03,0.979
97624,-0.48,-1.32,30.67,1.1,2.14,24.84,0.001,-0.03,0.979
97695,-0.53,-1.23,32.28,-0.49,-0.12,20.94,0,-0.034,0.996
97695,-0.53,-1.23,32.28,-0.49,-0.12,20.94,0,-0.034,0.996
97755,-0.6,-1.12,33.34,0.79,1.28,14.83,-0.009,-0.042,0.988
97815,-0.66,-0.99,33.96,1.28,-1.04,7.26,-0.026,-0.031,1.012
97825,-0.65,-0.97,34.04,1.28,-1.04,7.26,-0.026,-0.031,1.012
97885,-0.77,-0.79,34,0.31,-0.43,-4.33,-0.046,-0.034,0.984
97935,-0.84,-0.69,33.5,-0.92,0.18,-12.45,-0.018,-0.012,0.996
97945,-0.85,-0.67,33.38,-0.92,0.18,-12.45,-0.018,-0.012,0.996
98005,-0.86,-0.49,32.32,-0.06,2.01,-18.43,-0.02,-0.012,0.957
98065,-0.81,-0.47,31.12,-0.67,-1.65,-20.69,-0.004,0.007,0.942
98065,-0.81,-0.47,31.12,-0.67,-1.65,-20.69,-0.004,0.007,0.942
98135,-0.71,-0.51,29.88,1.65,0.61,-14.83,0.028,0.003,0.956
98145,-0.69,-0.52,29.73,1.65,0.61,-14.83,0.028,0.003,0.956
98195,-0.55,-0.63,28.99,1.46,-3.36,-13.85,0.019,0.024,0.993
98256,-0.34,-0.79,28.26,0.98,-1.04,-9.58,0.036,0.05,0.995
98266,-0.3,-0.81,28.17,0.98,-1.04,-9.58,0.036,0.05,0.995
98336,-0.18,-0.89,27.63,0.79,0.06,-4.58,0.055,0.015,1.006
98387,-0.1,-0.96,27.53,-0.92,0.49,-0.73,0.056,0.032,1.016
98387,-0.1,-0.96,27.53,-0.92,0.49,-0.73,0.056,0.032,1.016
98446,-0.03,-1.04,27.78,0.98,0.92,6.23,0.044,0.02,0.979
98457,-0.04,-1.05,27.87,-1.22,0.37,8.36,0.051,0.011,1.006
98516,-0.01,-1.13,28.56,0.31,0.37,14.22,0.035,-0.008,0.982
98576,0.02,-1.24,29.66,0.67,-0.18,22.28,0.052,0.006,0.994
98576,0.02,-1.24,29.66,0.67,-0.18,22.28,0.052,0.006,0.994
98646,0.01,-1.32,31.49,0.06,-0.37,28.32,0.032,0.011,1.017
98686,0.02,-1.36,32.8,1.71,1.04,33.94,0.075,0,0.99
98716,0,-1.38,33.89,2.01,1.83,37.35,0.05,-0.005,1.003
98778,-0.02,-1.4,36.27,0.79,1.1,40.71,0.043,-0.004,0.963
98778,-0.02,-1.4,36.27,0.79,1.1,40.71,0.043,-0.004,0.963
98847,-0.09,-1.42,39.28,-1.28,-0.06,44.25,0.042,-0.002,0.99
98897,-0.14,-1.38,41.53,0.12,1.95,44.92,0.022,0.005,1.018
98897,-0.14,-1.38,41.53,0.12,1.95,44.92,0.022,0.005,1.018
98959,-0.2,-1.36,44.24,-0.12,0.49,46.26,0.04,-0.003,0.989
99017,-0.21,-1.32,46.96,0.31,0.79,44.8,0.013,0.008,1.001
99017,-0.21,-1.32,46.96,0.31,0.79,44.8,0.013,0.008,1.001
99087,-0.23,-1.3,50.11,0.24,-0.31,45.84,0.039,0.018,0.992
99147,-0.2,-1.24,52.67,0.43,-1.4,42.18,0.009,0.013,0.989
99158,-0.19,-1.22,53.08,-0.24,0.43,40.28,-0.006,0.026,1.023
99208,-0.19,-1.16,55.01,0.06,1.1,37.48,0.001,0.025,1.019
99278,-0.15,-1.09,57.37,0,1.4,31.86,0.023,0.016,0.983
99278,-0.15,-1.09,57.37,0,1.4,31.86,0.023,0.016,0.983
99338,-0.07,-1.05,59.29,0.37,0.73,32.41,0.005,0.032,1
99358,-0.03,-1.04,59.94,-0.18,0.49,31.86,0.005,0.032,1
99418,0.01,-1.02,61.76,0.37,0,30.21,0.01,0.001,0.988
99428,0.01,-1.02,62.06,0.37,0,30.21,0.01,0.001,0.988
99488,-0.01,-1.1,63.8,0.37,-1.04,29.05,0.001,-0.014,0.974
99538,-0.01,-1.16,65.27,-0.92,-2.08,28.38,-0.02,-0.016,0.984
99548,-0.04,-1.16,65.56,-0.92,-2.08,28.38,-0.02,-0.016,0.984
99608,-0.02,-1.22,67.33,-0.61,-1.4,29.42,-0.003,0.002,0.983
99648,-0.02,-1.22,68.52,-0.31,-2.14,29.91,0.021,-0.001,0.976
99679,-0.07,-1.2,69.38,0.12,0.24,29.11,0.032,0.012,1.01
99738,-0.14,-1.21,71.07,0.37,0.55,29.11,0.015,0,0.978
99738,-0.14,-1.21,71.07,0.37,0.55,29.11,0.015,0,0.978
99800,-0.19,-1.23,72.68,-0.24,-0.31,25.51,0.012,-0.026,0.977
99859,-0.31,-1.19,74.05,-0.92,-1.65,20.87,-0.001,-0.027,0.972
99869,-0.33,-1.16,74.24,-0.18,0.12,19.41,-0.014,-0.019,0.977
99929,-0.42,-1.02,75.12,1.22,1.22,10.44,-0.042,-0.041,0.972
99979,-0.49,-0.86,75.42,1.28,1.65,3.05,-0.02,-0.042,1.002
99989,-0.51,-0.84,75.41,-0.37,-1.16,-1.28,-0.043,-0.029,1
100060,-0.49,-0.73,75.04,-0.24,-0.24,-7.51,0.019,0.001,1.036
100069,-0.48,-0.73,74.93,1.77,0.73,-10.8,0.016,-0.006,0.963
100129,-0.48,-0.71,74.26,-1.1,-3.42,-11.66,0.002,-0.005,0.96
100150,-0.47,-0.73,74.03,0.06,1.46,-11.6,0.021,0.016,1.024
100220,-0.32,-0.73,73.04,0.24,-1.77,-15.5,0.007,0.035,0.992
100260,-0.25,-0.69,72.38,0.43,-0.85,-16.85,0.011,0.032,1.018
100280,-0.22,-0.64,72.05,-1.46,2.75,-16.42,0.011,0.032,1.018
100330,-0.07,-0.7,71.31,0.37,-3.17,-12.63,0.024,0.022,0.99
100341,-0.04,-0.74,71.18,0.37,-3.17,-12.63,0.024,0.022,0.99
100400,0.07,-0.85,70.52,0.92,-1.4,-8.85,0.03,0.022,0.983
100450,0.15,-0.92,70.25,0.12,0,-2.93,0.04,0.03,0.993
100470,0.16,-0.93,70.21,-0.24,0.85,-1.22,0.031,0.001,0.996
100531,0.21,-1.01,70.26,0.18,0.24,3.54,0.06,0.005,1.003
100580,0.21,-1.03,70.58,0.24,0.49,8.24,0.047,0.008,0.986
100600,0.2,-1.08,70.75,0.24,0.06,8.79,0.058,-0.011,0.997
100661,0.18,-1.16,71.64,0.37,0.24,17.09,0.052,-0.002,0.999
100661,0.18,-1.16,71.64,0.37,0.24,17.09,0.052,-0.002,0.999
100731,0.12,-1.26,73.15,0.43,0.67,26.37,0.069,-0.017,1
100741,0.11,-1.28,73.41,0.43,0.67,26.37,0.069,-0.017,1
100801,0.1,-1.29,75.2,0.37,2.81,31.49,0.034,-0.016,1.003
100861,0.05,-1.36,77.15,0.24,-1.59,35.22,0.061,0.004,0.973
100871,0.03,-1.38,77.52,-0.49,-0.24,36.8,0.058,-0.011,1.009
100931,-0.05,-1.5,79.82,0.06,-2.56,40.1,0.033,0.007,0.99
100991,-0.14,-1.61,82.31,-0.24,2.62,41.32,0.037,0,1.002
101001,-0.15,-1.59,82.72,-0.24,2.62,41.32,0.037,0,1.002
101054,-0.16,-1.62,84.86,-0.31,-2.01,43.4,0.026,0.006,0.987
101061,-0.18,-1.64,85.3,-0.31,-2.01,43.4,0.026,0.006,0.987
101132,-0.21,-1.61,88.23,-1.46,-0.67,41.32,0.028,0.019,1.006
101182,-0.24,-1.61,90.28,-1.4,0.12,40.53,0.029,0.012,0.972
101202,-0.21,-1.57,91.07,-0.12,0.06,39,0,0.036,1.024
101252,-0.19,-1.55,92.58,-0.98,1.04,37.11,0.021,0.029,0.99
101282,-0.16,-1.49,94.03,0.55,0.55,35.46,0.015,0.03,1.003
101342,-0.12,-1.43,96.09,-1.1,0.24,34.06,0.015,0.024,1.002
101352,-0.09,-1.42,96.42,1.71,1.4,33.57,0.038,0.039,1.006
101412,-0.02,-1.38,98.38,0.79,-0.43,32.71,0.052,0.035,0.986
101422,0,-1.41,98.71,0.79,-0.43,32.71,0.052,0.035,0.986
101502,0.04,-1.46,101.35,0.98,-0.24,33.08,0.027,0.016,0.987
101513,0.04,-1.44,101.68,-0.12,0.18,32.41,-0.002,0.016,1.019
101592,0.07,-1.42,104.23,0.55,-0.73,31.19,0,-0.011,0.983
101592,0.07,-1.42,104.23,0.55,-0.73,31.19,0,-0.011,0.983
101653,0.08,-1.4,106.01,0.37,0.79,28.63,0.028,0.011,0.982
101653,0.08,-1.4,106.01,0.37,0.79,28.63,0.028,0.011,0.982
101713,0.02,-1.36,107.73,-0.12,-0.85,29.72,0.032,-0.01,0.972
101783,-0.04,-1.41,109.79,0.49,-0.37,31.13,0.051,-0.006,0.975
101783,-0.04,-1.41,109.79,0.49,-0.37,31.13,0.051,-0.006,0.975
101853,-0.1,-1.35,111.88,-0.61,0.12,29.97,0.037,0.011,0.986
101863,-0.1,-1.35,112.18,-0.61,0.12,29.97,0.037,0.011,0.986
101923,-0.25,-1.28,113.84,-0.12,0,28.14,0,-0.046,0.965
101973,-0.29,-1.2,115.08,1.28,0.79,22.58,-0.003,-0.032,1.019
101984,-0.3,-1.18,115.31,1.28,0.79,22.58,-0.003,-0.032,1.019
102053,-0.36,-1.01,116.5,0.18,0.55,11.41,-0.034,-0.034,1.026
102064,-0.37,-0.97,116.61,0.18,0.55,11.41,-0.034,-0.034,1.026
102134,-0.49,-0.71,116.8,-0.92,-1.4,-2.62,-0.024,-0.03,0.987
102194,-0.58,-0.71,116.39,-0.37,-0.06,-9.7,-0.02,-0.038,0.976
102224,-0.65,-0.73,116.08,-2.69,-3.36,-11.23,-0.015,-0.012,0.98
102254,-0.62,-0.7,115.65,-1.65,-4.7,-15.69,0.003,0.006,0.996
102294,-0.59,-0.71,115.02,-0.49,-4.52,-17.64,-0.015,0.013,0.886
102334,-0.51,-0.68,114.31,0.92,-1.83,-18.25,0.02,0.015,1.001
102364,-0.46,-0.7,113.76,-1.53,0.67,-18.31,0.021,0.04,0.99
102424,-0.3,-0.76,112.78,0.73,1.4,-15.44,0.037,0.041,0.991
102434,-0.27,-0.8,112.63,0.43,-3.05,-15.38,0.019,0.038,1.004
102504,-0.08,-0.91,111.66,-0.85,0.49,-12.88,0.042,0.048,0.987
102535,0.01,-0.96,111.37,0.18,1.4,-9.95,0.019,0.042,0.991
102544,0.04,-0.94,111.27,0.18,1.4,-9.95,0.019,0.042,0.991
102605,0.1,-1.07,110.87,-0.73,-1.22,-4.27,0.056,0.043,0.985
102655,0.13,-1.08,110.74,-0.06,-1.22,0.12,0.04,0.01,0.986
102685,0.15,-1.11,110.76,-0.24,1.65,0.98,0.054,0.02,0.995
102735,0.16,-1.14,110.95,0.43,0,6.1,0.05,0.014,1.005
102755,0.18,-1.18,111.08,0.06,-0.18,7.87,0.044,0.005,0.984
102815,0.15,-1.23,111.7,-0.06,0.18,14.71,0.046,-0.014,0.995
102885,0.08,-1.35,112.87,-0.31,0.43,20.32,0.072,-0.034,0.987
102895,0.05,-1.37,113.09,0.37,0.24,22.03,0.071,-0.031,0.994
102955,-0.03,-1.45,114.66,1.71,-0.73,31.86,0.092,-0.026,0.982
102965,-0.04,-1.49,114.98,1.71,-0.73,31.86,0.092,-0.026,0.982
103055,-0.19,-1.66,118.34,2.26,0.55,40.95,0.064,-0.007,1.006
103015,-0.14,-1.57,116.74,1.34,0,38.45,0.056,-0.024,1
103085,-0.19,-1.7,119.2,0.12,0.18,45.17,0.066,-0.008,1.016
103136,-0.22,-1.61,121.87,0.06,-1.34,45.04,0.017,0.016,1.038
103156,-0.23,-1.6,122.78,-0.12,1.65,45.9,0.03,0.002,1.002
103227,-0.29,-1.52,125.88,0.24,0.67,43.88,0.021,0.02,0.982
103227,-0.29,-1.52,125.88,0.24,0.67,43.88,0.021,0.02,0.982
103346,-0.22,-1.38,130.96,0.06,0.49,41.81,0.019,0.021,0.952
103356,-0.2,-1.37,131.36,0.98,0.98,39.61,0.016,0.021,0.959
103356,-0.2,-1.37,131.36,0.98,0.98,39.61,0.016,0.021,0.959
103417,-0.08,-1.26,133.68,0.61,1.4,37.66,0.02,0.047,0.975
103427,-0.08,-1.26,133.68,0.61,1.4,37.66,0.02,0.047,0.975
103496,0.05,-1.21,136.61,-0.49,0.18,35.77,0.008,0.045,0.991
103496,0.05,-1.21,136.61,-0.49,0.18,35.77,0.008,0.045,0.991
103557,0.08,-1.25,138.71,-1.46,-2.08,33.94,0.026,0.041,0.993
103617,0.05,-1.26,140.66,-1.89,-2.93,32.35,-0.008,0.016,1.021
103627,0.04,-1.27,140.98,-1.89,-2.93,32.35,-0.008,0.016,1.021
103717,0.04,-1.26,143.72,-0.67,-0.37,28.69,0.02,-0.008,0.962
103717,0.04,-1.26,143.72,-0.67,-0.37,28.69,0.02,-0.008,0.962
103779,-0.01,-1.31,145.5,-0.37,-0.61,31.01,0.036,0.008,0.976
103787,-0.02,-1.32,145.81,-0.37,-0.61,31.01,0.036,0.008,0.976
103867,-0.13,-1.42,148.45,-0.24,0.49,35.64,0.051,-0.008,0.976
103878,-0.13,-1.42,148.45,-0.24,0.49,35.64,0.042,0.01,1.003
103937,-0.2,-1.47,151.05,0.67,-1.65,37.48,0.014,-0.022,0.969
103948,-0.21,-1.48,151.42,0.67,-1.65,37.48,0.014,-0.022,0.969
104017,-0.32,-1.41,153.86,-0.18,1.65,32.35,-0.013,-0.02,1.013
104028,-0.34,-1.37,154.18,-0.18,1.65,32.35,-0.013,-0.02,1.013
104088,-0.39,-1.29,155.97,0.06,-0.55,26.12,-0.001,0,0.968
104128,-0.46,-1.18,156.92,0.55,-0.61,22.95,-0.021,-0.006,0.962
104148,-0.53,-1.13,157.29,-2.26,0.24,18.49,-0.011,-0.027,0.998
104228,-0.68,-0.95,158.03,-1.34,-2.93,1.95,-0.033,-0.048,0.979
104238,-0.69,-0.91,158.03,0.73,0,-0.67,-0.056,-0.054,0.986
104298,-0.68,-0.81,157.64,0.49,-3.23,-12.27,-0.03,-0.002,0.979
104308,-0.66,-0.82,157.52,0.49,-3.23,-12.27,-0.03,-0.002,0.979
104378,-0.53,-0.66,156.18,1.34,-2.26,-23.56,-0.01,0.022,1.003
104378,-0.53,-0.66,156.18,1.34,-2.26,-23.56,-0.01,0.022,1.003
104428,-0.44,-0.66,154.98,0.37,-0.92,-24.41,0.018,0.007,0.98
104489,-0.35,-0.68,153.57,-0.31,0.06,-23.32,0.026,0.042,1.002
104529,-0.27,-0.68,152.69,0.85,-0.31,-21.73,0.02,0.033,0.988
104559,-0.19,-0.73,152.11,-0.18,-1.22,-18.62,0.026,0.03,0.99
104619,-0.07,-0.86,151.17,0.55,1.46,-13.98,0.033,0.02,0.971
104629,-0.04,-0.86,151.02,0.55,1.46,-13.98,0.033,0.02,0.971
104699,0.05,-0.99,150.33,-0.55,1.46,-6.71,0.038,0.011,0.982
104699,0.05,-0.99,150.33,-0.55,1.46,-6.71,0.038,0.011,0.982
104749,0.09,-1.05,150.11,0,1.04,-2.5,0.042,0.014,0.994
104819,0.12,-1.13,150.28,0.61,0.37,5,0.071,0.016,0.994
104860,0.13,-1.14,150.59,1.04,0.06,11.29,0.033,0.02,1.021
104890,0.13,-1.19,150.96,0.79,0.98,12.63,0.073,-0.024,0.969
104940,0.12,-1.22,151.72,-0.06,-0.06,18.86,0.078,-0.009,0.979
104940,0.12,-1.22,151.72,-0.06,-0.06,18.86,0.078,-0.009,0.979
105020,0.02,-1.42,153.68,-2.32,-1.4,30.52,0.041,-0.012,1.027
105020,0.02,-1.42,153.68,-2.32,-1.4,30.52,0.041,-0.012,1.027
105090,-0.1,-1.56,156.02,0.43,1.34,36.01,0.055,-0.016,1.019
105100,-0.12,-1.61,156.4,-0.92,-2.99,37.11,0.07,-0.003,0.979
105160,-0.18,-1.76,158.81,0.43,1.22,42.72,0.051,-0.001,0.992
105210,-0.26,-1.8,161.01,-0.73,0.12,44.98,0.028,0.002,0.986
105232,-0.29,-1.83,161.93,0.37,-0.37,45.65,0.062,-0.018,0.973
105300,-0.32,-1.87,165.26,0.18,1.34,47.67,0.052,0.001,0.993
105300,-0.32,-1.87,165.26,0.18,1.34,47.67,0.052,0.001,0.993
105370,-0.34,-1.87,168.56,0.37,-1.65,46.45,0.033,0.014,0.975
105410,-0.34,-1.79,170.35,-0.73,-0.43,43.95,0.03,0.014,0.979
105441,-0.31,-1.71,171.64,-1.4,0.92,42.6,0.025,0.024,0.975
105501,-0.3,-1.61,174.07,1.1,0.12,37.54,-0.001,0.013,0.999
105501,-0.3,-1.61,174.07,1.1,0.12,37.54,-0.001,0.013,0.999
105571,-0.27,-1.62,176.68,-1.04,-1.65,36.32,0.042,0.023,0.976
105582,-0.25,-1.6,177.03,0.43,0.98,34.97,0.006,0.044,0.986
105651,-0.15,-1.52,179.38,-0.06,0.43,30.94,0.002,0.035,0.99
105671,-0.16,-1.49,179.99,0.55,-2.01,30.46,-0.032,-0.002,0.997
105741,-0.03,-1.35,-178.17,-0.31,-0.43,22.09,-0.035,0.002,0.999
105741,-0.03,-1.35,-178.17,-0.31,-0.43,22.09,-0.035,0.002,0.999
105811,-0.07,-1.25,-176.88,0.67,-0.43,16.72,0.005,-0.003,1.004
105851,-0.08,-1.22,-176.29,-0.24,-1.1,15.14,-0.005,0,1.001
105871,-0.12,-1.24,-176,-0.18,-0.49,14.65,0.024,-0.023,0.985
105932,-0.21,-1.2,-175.26,-0.31,-0.61,12.39,0.018,-0.015,1.007
105972,-0.24,-1.2,-174.79,0.37,0.31,11.78,0.039,-0.024,0.986
106012,-0.31,-1.2,-174.36,0.24,-0.98,10.99,0.004,-0.039,0.964
106052,-0.36,-1.16,-173.98,0.55,-1.34,8.79,0.007,-0.033,0.98
106072,-0.4,-1.18,-173.79,-1.16,-0.73,9.52,0.018,-0.012,1.018
106132,-0.51,-1.11,-173.38,0,0.73,6.9,0.022,-0.029,1.024
106172,-0.59,-1.06,-173.22,-1.04,1.4,2.5,-0.015,-0.031,0.97
106192,-0.62,-0.98,-173.18,0.98,0.73,1.95,-0.033,-0.052,0.996
106252,-0.71,-0.78,-173.55,0.92,1.22,-10.19,-0.046,-0.039,1.009
106262,-0.71,-0.78,-173.66,0.79,-2.01,-10.74,-0.025,-0.041,1.04
106332,-0.74,-0.7,-174.79,0.37,0.98,-18.49,-0.024,-0.038,0.93
106382,-0.71,-0.73,-175.81,-1.89,-1.65,-22.89,0.008,0.019,1.019
106393,-0.71,-0.74,-176.04,-1.89,-1.65,-22.89,0.008,0.019,1.019
106453,-0.66,-0.74,-177.53,-2.08,3.3,-25.82,0.015,0.007,0.981
106463,-0.62,-0.75,-177.79,0.85,-3.11,-25.94,-0.027,0.038,1.014
106533,-0.41,-0.79,-179.71,-0.67,-1.04,-27.65,0,0.049,1.004
106573,-0.27,-0.89,179.23,-0.79,-0.79,-25.09,0.061,0.036,1.007
106593,-0.22,-0.95,178.74,0.37,-2.56,-23.19,0.02,0.048,0.996
106664,-0.05,-1.01,177.2,-0.85,0.98,-20.63,0.041,0.037,1.014
106664,-0.05,-1.01,177.2,-0.85,0.98,-20.63,0.041,0.037,1.014
106723,0.05,-1.04,176.04,-0.31,0.06,-18.98,0.031,0.035,1.019
106793,0.18,-1.14,174.91,-0.24,-0.43,-15.38,0.039,0.022,0.984
106793,0.18,-1.14,174.91,-0.24,-0.43,-15.38,0.039,0.022,0.984
106854,0.24,-1.23,174.17,-0.43,0.31,-11.05,0.05,0.02,0.979
106854,0.24,-1.23,174.17,-0.43,0.31,-11.05,0.05,0.02,0.979
106924,0.24,-1.32,173.59,-0.12,0,-7.32,0.043,-0.006,0.984
106984,0.19,-1.31,173.22,0,0,-5.8,0.036,-0.022,0.984
106984,0.19,-1.31,173.22,0,0,-5.8,0.036,-0.022,0.984
107054,0.05,-1.31,172.95,0.18,0.43,-3.72,0.025,-0.016,0.992
107094,-0.03,-1.3,172.85,0.49,-0.37,-1.46,0.015,-0.042,0.99
107104,-0.04,-1.29,172.83,0.49,-0.37,-1.46,0.015,-0.042,0.99
107165,-0.16,-1.24,172.72,-0.49,0.49,-0.37,0.019,-0.021,1.009
107224,-0.27,-1.26,172.68,-0.92,-0.43,0.31,0.031,-0.016,0.98
107244,-0.29,-1.25,172.72,0.37,0.49,1.95,0.014,-0.019,1.028
107306,-0.29,-1.32,172.94,1.59,0.43,6.04,0.039,-0.018,0.962
107314,-0.29,-1.37,173.01,-0.43,-2.62,7.32,0.062,0,0.958
107575,0.01,-1.6,178.07,0.06,0.06,23.99,0.016,0.02,0.971
107565,0,-1.61,177.83,-0.06,0.67,24.84,0.026,0.046,1.039
107795,-0.26,-1.29,-178.14,0.67,-0.79,7.63,-0.01,-0.052,0.985
107866,-0.35,-1.2,-177.77,1.89,1.89,2.69,0.019,-0.039,0.965
107866,-0.35,-1.2,-177.77,1.89,1.89,2.69,0.019,-0.039,0.965
107876,-0.37,-1.2,-177.77,-0.49,-1.46,0.12,-0.021,-0.036,0.974
107956,-0.41,-1.07,-177.93,1.89,-0.31,-4.88,0,-0.004,1.013
107936,-0.41,-1.09,-177.85,-1.1,1.04,-3.42,0.005,-0.021,1.031
107956,-0.41,-1.07,-177.93,1.89,-0.31,-4.88,0,-0.004,1.013
108006,-0.46,-1.02,-178.24,0.37,-1.1,-6.96,-0.008,-0.042,1.015
108016,-0.46,-1.02,-178.31,-0.31,-0.55,-7.26,0.009,0.01,0.958
108026,-0.44,-1.02,-178.39,-0.31,-0.55,-7.26,0.009,0.01,0.958
108076,-0.49,-1.07,-178.9,-3.17,-3.54,-10.68,0.001,-0.013,0.99
108096,-0.52,-1.06,-179.14,0.24,2.2,-13.31,0.004,-0.004,0.962
108106,-0.51,-1.03,-179.27,0.24,2.2,-13.31,0.004,-0.004,0.962
108136,-0.53,-1.05,-179.66,-0.24,2.44,-13.49,0.015,0.008,0.979
108166,-0.49,-1.05,179.88,-0.61,-3.17,-15.69,-0.011,0.026,0.971
108176,-0.48,-1.04,179.74,-0.92,1.89,-14.34,0.024,0.014,0.964
108237,-0.41,-1.15,178.94,-0.79,-1.89,-13.37,0.019,0.036,0.992
108246,-0.39,-1.16,178.81,-0.79,-1.89,-13.37,0.019,0.036,0.992
108296,-0.27,-1.22,178.16,1.04,-0.18,-13.24,0.008,0.002,0.969
108336,-0.2,-1.22,177.66,-0.49,-0.73,-11.17,0.019,0.007,1.014
108377,-0.15,-1.24,177.21,1.16,0.98,-10.62,0.041,0.014,0.962
108417,-0.08,-1.24,176.76,0,-0.24,-9.95,0.011,0.014,1.021
108447,-0.03,-1.26,176.46,0.73,-0.55,-10.38,0.039,0.02,0.987
108497,0.04,-1.26,175.91,0.24,-1.34,-9.77,0.014,0.008,0.976
108547,0.09,-1.32,175.46,0.37,0.55,-7.81,0.05,-0.001,0.995
107395,-0.2,-1.59,174.01,-0.37,-0.49,17.46,0.066,0.037,1.027
108587,0.13,-1.33,175.13,0.61,-1.4,-7.08,0.005,0.007,0.993
108617,0.14,-1.35,174.87,0.55,-0.12,-8.67,0.032,0.01,0.995
107455,-0.07,-1.63,175.23,-1.22,2.26,21.48,0.048,0.032,0.991
107415,-0.16,-1.61,174.39,0.85,1.28,19.9,0.047,0.035,1.034
108657,0.13,-1.34,174.54,0.55,-0.85,-6.35,0.016,-0.02,0.994
108688,0.09,-1.33,174.3,-0.79,1.46,-8.73,0.04,-0.013,0.99
108738,0.08,-1.3,173.88,-0.31,1.34,-9.09,0.024,-0.014,1.01
108757,0.04,-1.27,173.69,0.06,0.49,-9.52,0.014,-0.038,0.973
108807,0.01,-1.27,173.28,0.73,1.53,-8.73,0.039,-0.021,0.99
108878,-0.05,-1.29,172.85,0.31,0.37,-5,0.029,-0.022,0.983
108878,-0.05,-1.29,172.85,0.31,0.37,-5,0.029,-0.022,0.983
108938,-0.05,-1.33,172.62,0.85,-0.43,-2.14,0.033,0,0.969
108949,-0.04,-1.35,172.6,0.85,-0.43,-2.14,0.033,0,0.969
109008,0.03,-1.47,172.6,1.71,0.85,2.26,0.067,0.018,0.967
109068,0.11,-1.6,172.89,1.1,0.73,6.41,0.084,0.013,0.973
109088,0.13,-1.64,173.06,-0.31,-1.95,8.67,0.025,0.025,0.983
109139,0.2,-1.65,173.64,-0.24,1.16,14.1,0.039,0.028,0.99
109149,0.21,-1.65,173.78,-0.24,1.16,14.1,0.039,0.028,0.99
109210,0.2,-1.6,174.65,-0.55,0.06,14.83,0.008,0.003,1.021
109248,0.21,-1.64,175.26,-0.43,-1.34,14.83,0.021,0.02,0.999
109269,0.22,-1.64,175.57,0.06,0.73,15.2,0.045,0.018,1.012
109339,0.16,-1.63,176.59,0.73,0.67,13.43,0.014,0.011,1.013
109379,0.07,-1.6,177.06,0.24,-0.73,10.31,0.031,-0.027,0.978
109399,0.04,-1.6,177.27,0.31,-0.61,11.35,-0.002,-0.024,1.022
109449,-0.08,-1.59,177.74,0.18,0.12,8.79,0.011,-0.053,0.975
109469,-0.09,-1.6,177.91,1.1,-2.32,8.36,0,-0.032,0.992
109529,-0.1,-1.63,178.34,2.14,-0.18,6.71,0.028,0.002,1.005
109589,-0.1,-1.53,178.52,1.1,0.55,2.5,0.004,-0.006,0.967
109600,-0.08,-1.53,178.53,1.77,-0.18,0.06,0.034,0.007,0.994
109649,-0.01,-1.54,178.56,0.49,-0.37,0.18,0.017,0.015,0.953
109659,-0.02,-1.55,178.54,-0.67,-1.16,-1.53,0.021,0,0.984
109720,-0.06,-1.54,178.4,-0.43,1.83,-3.36,0.001,-0.015,0.98
109780,-0.05,-1.52,178.15,-2.26,-1.95,-6.16,0.023,0.021,0.967
109780,-0.05,-1.52,178.15,-2.26,-1.95,-6.16,0.023,0.021,0.967
109860,0.04,-1.52,177.53,-0.67,-1.71,-8.42,0.056,0.039,0.998
109870,0.06,-1.55,177.44,-0.67,-1.71,-8.42,0.056,0.039,0.998
109930,0.15,-1.58,177.01,-0.06,-0.37,-7.26,0.022,0.027,0.979
109970,0.17,-1.57,176.73,-0.31,0.37,-7.26,0.034,0.031,1.011
109981,0.18,-1.55,176.65,0.12,0.55,-7.39,0.034,0.031,1.011
110040,0.22,-1.53,176.17,0.61,0,-8.24,0.031,0.023,0.979
110110,0.26,-1.54,175.58,0.12,-1.04,-6.84,0.032,0.013,0.976
110110,0.26,-1.54,175.58,0.12,-1.04,-6.84,0.032,0.013,0.976
110170,0.28,-1.56,175.11,-0.43,-1.59,-7.2,0.021,-0.012,1.001
110210,0.28,-1.61,174.86,-1.89,0.49,-7.57,0.061,0.016,1.011
110231,0.28,-1.58,174.73,0.18,0.55,-6.16,0.01,-0.001,0.979
110301,0.24,-1.58,174.34,0.37,0.06,-5.62,0.023,-0.008,0.975
110301,0.24,-1.58,174.34,0.37,0.06,-5.62,0.023,-0.008,0.975
110381,0.13,-1.53,173.83,0.12,0.06,-6.65,0.009,-0.023,0.997
110391,0.12,-1.52,173.77,0.12,0.06,-6.65,0.009,-0.023,0.997
110451,-0.01,-1.46,173.31,-0.31,2.5,-7.02,0.051,-0.03,0.98
110492,-0.05,-1.39,173.01,0.12,2.62,-8.36,0.026,-0.017,1.022
110511,-0.1,-1.39,172.84,-0.24,-0.49,-8.12,0.014,-0.043,0.967
110571,-0.15,-1.4,172.41,-0.67,0.24,-7.39,0.021,-0.019,1.008
110621,-0.14,-1.48,172.23,-0.43,-1.4,-3.66,0.028,0.01,0.988
110632,-0.14,-1.5,172.19,-0.43,-1.4,-3.66,0.028,0.01,0.988
110702,-0.03,-1.68,172.31,0.85,0.55,3.85,0.04,0.041,1.009
110712,0,-1.68,172.35,0.85,0.55,3.85,0.04,0.041,1.009
110792,0.14,-1.68,172.97,0.49,0.61,8.12,0.024,0.035,1.017
110802,0.16,-1.68,173.08,0.98,0.67,10.74,0.037,0.029,0.983
110852,0.2,-1.64,173.56,0.12,0.92,9.7,0.039,0.026,0.989
110883,0.19,-1.66,173.92,1.22,0.06,12.08,0.05,0.015,1.008
110942,0.13,-1.65,174.61,0.12,1.04,12.21,0.028,-0.016,0.975
110942,0.13,-1.65,174.61,0.12,1.04,12.21,0.028,-0.016,0.975
111002,0.04,-1.61,175.24,0.55,1.22,9.34,-0.002,-0.021,0.98
111062,-0.09,-1.52,175.63,0.49,1.22,5.31,0.029,-0.033,0.971
111062,-0.09,-1.52,175.63,0.49,1.22,5.31,0.029,-0.033,0.971
111133,-0.2,-1.51,175.9,1.04,1.04,3.05,0.031,-0.032,0.983
111143,-0.2,-1.52,175.92,0.67,-0.98,2.14,0.026,-0.029,0.959
111203,-0.23,-1.48,176.02,0.85,1.1,0.06,0.037,-0.021,0.976
111263,-0.19,-1.38,176.03,1.65,2.14,-0.43,0.032,0.018,0.97
111273,-0.16,-1.36,176.03,1.65,2.14,-0.43,0.032,0.018,0.97
111343,-0.12,-1.32,175.9,-1.95,2.14,-1.34,0.049,-0.003,0.891
111343,-0.12,-1.32,175.9,-1.95,2.14,-1.34,0.049,-0.003,0.891
111414,-0.13,-1.33,175.77,-0.92,-0.79,-1.95,0.013,0.032,1.017
111453,-0.02,-1.34,175.68,4.33,0.24,-3.17,0.012,0,0.897
111473,-0.03,-1.37,175.63,-1.83,-1.89,-2.75,0.016,0.021,0.993
111543,0.19,-1.36,175.35,1.16,-0.37,-4.76,0.023,0.039,0.963
111554,0.22,-1.37,175.3,1.16,-0.37,-4.76,0.023,0.039,0.963
111614,0.3,-1.36,175.01,0.18,0,-5,0.028,0.031,0.994
111674,0.34,-1.34,174.74,0.92,0.85,-4.15,0.025,0.005,0.985
111674,0.34,-1.34,174.74,0.92,0.85,-4.15,0.025,0.005,0.985
111744,0.39,-1.32,174.49,-0.06,0.49,-3.17,0.044,0.031,1.017
111754,0.41,-1.32,174.46,-0.06,0.49,-3.17,0.044,0.031,1.017
111825,0.44,-1.3,174.24,0.31,0.37,-2.93,0.021,0.002,0.982
111825,0.44,-1.3,174.24,0.31,0.37,-2.93,0.021,0.002,0.982
111894,0.47,-1.27,174.02,0,0.61,-3.6,0.012,0.015,1.014
111904,0.48,-1.27,173.99,1.4,0.12,-3.36,0.024,-0.005,0.975
111974,0.42,-1.31,173.84,-0.92,0.31,-1.89,0.022,0,0.996
112024,0.34,-1.28,173.72,-1.22,0.12,-2.56,0.047,0.001,1.017
112054,0.3,-1.29,173.63,0.31,-0.43,-3.17,0.017,-0.027,1
112075,0.26,-1.24,173.58,-0.85,1.59,-2.14,0.001,-0.008,0.975
112136,0.16,-1.22,173.36,0.24,0.85,-3.91,0.01,-0.036,0.965
112145,0.15,-1.22,173.33,-0.98,-0.43,-3.48,0.025,0.002,0.972
112227,0.11,-1.28,173.1,0.37,-0.31,-1.59,0.031,0,0.996
112235,0.12,-1.29,173.08,0.37,-0.31,-1.59,0.031,0,0.996
112305,0.16,-1.48,173.17,0.43,-3.3,4.82,0.04,0.018,0.966
112355,0.24,-1.54,173.46,-0.79,-1.04,5.74,0.022,0.039,1.02
112365,0.27,-1.54,173.53,0.73,0.24,8.06,0.048,0.044,1.005
112425,0.37,-1.55,174.06,0.49,0.79,9.7,0.024,0.044,1.024
112437,0.38,-1.55,174.16,0.49,0.79,9.7,0.024,0.044,1.024
112495,0.45,-1.58,174.8,-0.73,-0.85,10.99,0.026,0.019,0.97
112535,0.42,-1.58,175.29,0.12,-0.12,12.51,0.029,0.006,0.974
112566,0.38,-1.58,175.7,0.37,-1.4,14.4,0.009,-0.015,0.963
112616,0.35,-1.59,176.41,0.31,-0.55,13.61,0.042,0.021,0.984
112626,0.32,-1.59,176.55,-1.53,0.49,14.65,0.045,-0.022,1.002
112696,0.19,-1.55,177.51,-0.24,-0.31,12.82,0.034,-0.024,1.015
112756,0,-1.54,178.16,0,-0.98,10.62,0.016,-0.06,1.006
112766,-0.02,-1.53,178.27,0.73,0.24,10.99,0.01,-0.06,0.965
112816,-0.1,-1.55,178.78,0.06,-0.55,9.34,0.039,-0.021,1.015
112836,-0.15,-1.54,178.99,-0.12,-0.73,10.93,0.008,-0.039,1.007
112898,-0.15,-1.49,179.58,-0.12,0.85,9.83,0.015,-0.016,1.01
112898,-0.15,-1.49,179.58,-0.12,0.85,9.83,0.015,-0.016,1.01
112956,-0.11,-1.43,-179.93,1.46,-0.73,7.69,0.014,-0.004,1.005
113017,-0.13,-1.51,-179.41,-0.49,-2.01,8.54,0.014,-0.008,0.992
113027,-0.12,-1.52,-179.31,-0.67,-1.28,9.52,0.031,0.033,1.039
113087,-0.1,-1.54,-178.82,-0.37,0.43,7.75,0.019,0.028,1.015
113147,-0.03,-1.52,-178.39,0.98,-1.04,6.47,0.017,0.033,0.954
113147,-0.03,-1.52,-178.39,0.98,-1.04,6.47,0.017,0.033,0.954
113217,0.1,-1.59,-177.93,2.56,0.24,6.41,0.038,0.037,1.009
113247,0.15,-1.63,-177.7,-0.98,-1.83,7.93,0.023,0.024,0.947
113277,0.2,-1.62,-177.49,0.73,-0.24,7.63,0.039,0.026,1.002
113348,0.28,-1.63,-176.9,0.37,0.18,8.79,0.03,0.033,1.012
113348,0.28,-1.63,-176.9,0.37,0.18,8.79,0.03,0.033,1.012
113407,0.29,-1.62,-176.3,0.31,2.81,9.77,0.032,-0.005,0.984
113457,0.29,-1.65,-175.66,0.85,0.67,13.06,0.038,0.013,0.983
113488,0.29,-1.65,-175.23,-0.31,0.98,15.2,0.044,0.006,1.012
113527,0.31,-1.64,-174.57,0.55,1.16,16.72,0.037,0.031,1.018
113548,0.3,-1.68,-174.17,0.92,-0.37,20.02,0.053,-0.006,0.968
113608,0.24,-1.69,-172.91,-1.04,0.79,22.64,0.042,0.006,0.993
113669,0.18,-1.75,-171.38,-1.4,-1.16,26.55,0.041,-0.001,1.014
113678,0.18,-1.75,-171.38,0.98,0.79,28.56,0.063,-0.021,0.981
113739,0.05,-1.82,-169.33,0.18,-0.12,32.1,0.04,-0.012,0.975
113758,0.02,-1.86,-168.68,-0.12,-1.53,32.65,0.064,-0.015,1.005
113828,-0.01,-1.91,-166.33,1.83,0.55,35.22,0.04,0.013,0.995
113828,-0.01,-1.91,-166.33,1.83,0.55,35.22,0.04,0.013,0.995
113899,-0.05,-1.89,-163.71,1.77,1.22,37.72,0.021,-0.002,1.009
113899,-0.05,-1.89,-163.71,1.77,1.22,37.72,0.021,-0.002,1.009
113969,-0.08,-1.84,-161.04,0.37,1.22,37.41,0.034,0.002,0.977
114018,-0.09,-1.79,-159.2,0.31,-0.24,37.17,0.033,0.024,1.023
114029,-0.09,-1.79,-158.83,0.31,-0.24,37.17,0.033,0.024,1.023
114089,-0.12,-1.71,-156.63,-0.73,1.71,36.62,0.036,0.007,0.978
114129,-0.12,-1.66,-155.19,-0.85,1.95,35.34,0.042,0.023,1.006
114160,-0.09,-1.62,-154.15,-0.92,-0.06,32.96,0.006,0.02,0.974
114219,-0.03,-1.54,-152.19,0.31,1.1,32.1,0.016,0.039,1.003
114249,-0.01,-1.52,-151.23,-0.61,-0.18,32.04,0.025,0.027,1.012
114269,0,-1.52,-150.57,0.24,0,32.9,0.021,0.022,0.998
114329,0.03,-1.61,-148.62,0.37,-1.4,33.2,0.038,0.034,0.977
114389,0,-1.66,-146.69,-0.92,-2.14,32.17,0.03,0.009,0.983
114409,0.03,-1.65,-146.09,1.46,0.31,30.27,0.024,0.025,1.008
114449,0.04,-1.63,-144.88,-0.06,-0.43,29.48,0.024,0.011,1.013
114460,0.03,-1.61,-144.6,0.85,-0.67,27.59,-0.024,-0.013,0.993
114520,0.03,-1.61,-142.98,-0.49,-0.06,26.55,0.001,-0.009,0.995
114580,-0.03,-1.61,-141.43,-0.06,-0.18,24.9,0.013,-0.011,0.991
114580,-0.03,-1.61,-141.43,-0.06,-0.18,24.9,0.013,-0.011,0.991
114641,-0.12,-1.59,-140,-0.24,0.55,21.73,-0.002,-0.025,0.984
114700,-0.19,-1.57,-138.82,-0.12,0.37,18.13,0.034,-0.004,0.987
114720,-0.21,-1.55,-138.46,-0.79,-1.16,17.82,-0.012,-0.023,0.983
114770,-0.31,-1.46,-137.68,-0.06,-0.12,14.34,-0.016,-0.033,1.001
114820,-0.37,-1.4,-137.16,0.12,0.37,7.02,-0.008,-0.019,0.983
114840,-0.41,-1.36,-137.05,-0.49,0.18,4.76,0.002,-0.037,0.984
114900,-0.52,-1.2,-136.94,0.12,-0.49,-3.3,-0.045,-0.069,0.986
114910,-0.55,-1.16,-136.98,0.12,-0.49,-3.3,-0.045,-0.069,0.986
114981,-0.57,-1.07,-137.71,-0.49,-1.59,-14.65,-0.021,-0.028,0.991
114981,-0.57,-1.07,-137.71,-0.49,-1.59,-14.65,-0.021,-0.028,0.991
115041,-0.62,-1.03,-138.7,-1.53,0.73,-17.94,-0.004,-0.014,0.979
115102,-0.62,-1,-139.9,-0.24,0.18,-22.4,0.003,0.018,0.974
115102,-0.62,-1,-139.9,-0.24,0.18,-22.4,0.003,0.018,0.974
115172,-0.47,-1,-141.5,-1.04,0.61,-22.46,0.037,0.041,0.965
115231,-0.32,-1.03,-142.73,-1.34,0.85,-18.68,0.055,0.037,1.006
115231,-0.32,-1.03,-142.73,-1.34,0.85,-18.68,0.055,0.037,1.006
115291,-0.16,-1.14,-143.72,-0.24,-0.73,-15.08,0.049,0.013,0.972
115331,-0.05,-1.25,-144.18,0.12,1.89,-12.15,0.07,0.032,1.008
115352,-0.02,-1.29,-144.34,-0.18,-0.55,-8.18,0.043,0.023,0.964
115411,0.04,-1.31,-144.61,-0.92,1.04,-3.97,0.047,0.034,0.996
115451,0.01,-1.35,-144.69,-1.16,0.79,-0.12,0.064,0.002,0.997
115482,0.02,-1.37,-144.6,-1.16,0.79,2.44,0.048,-0.004,1.005
115542,-0.04,-1.45,-144.18,0.73,1.16,10.13,0.091,-0.015,0.982
115552,-0.04,-1.48,-144.09,0.73,1.16,10.13,0.091,-0.015,0.982
115612,-0.11,-1.54,-143.2,-0.18,1.1,16.36,0.084,0.001,0.996
115652,-0.19,-1.63,-142.32,0.18,-0.55,22.89,0.056,-0.024,0.986
115673,-0.18,-1.6,-141.82,0.73,1.65,25.51,0.037,0.001,0.988
115742,-0.3,-1.67,-139.77,-0.06,-0.55,32.96,0.062,-0.02,0.979
115742,-0.3,-1.67,-139.77,-0.06,-0.55,32.96,0.062,-0.02,0.979
115813,-0.41,-1.79,-137.21,0.85,1.34,39.25,0.049,-0.017,1.002
115813,-0.41,-1.79,-137.21,0.85,1.34,39.25,0.049,-0.017,1.002
115892,-0.59,-2.02,-133.63,0,-0.49,45.65,0.038,-0.013,0.996
115953,-0.63,-2,-130.79,0.24,0.49,47.3,0.031,0.005,1
115953,-0.63,-2,-130.79,0.24,0.49,47.3,0.031,0.005,1
116013,-0.7,-1.98,-128,-0.79,-0.24,46.14,0.039,0,1.008
116023,-0.7,-1.97,-127.54,-0.12,-0.55,46.08,0.021,0.029,0.995
116073,-0.7,-1.94,-125.24,0.12,-1.16,46.14,0.021,0.019,0.994
116133,-0.66,-1.82,-122.67,0.43,1.59,42.05,0.017,0.033,1.003
116143,-0.65,-1.82,-122.26,0.24,-1.04,41.08,0.038,0.018,0.995
116193,-0.58,-1.74,-120.27,0.55,0,38.82,0.022,0.018,0.989
116264,-0.4,-1.61,-117.69,-0.06,-0.12,36.01,0.012,0.05,1.012
116253,-0.42,-1.62,-118.05,3.17,2.08,36.99,0.013,0.006,0.939
116324,-0.29,-1.53,-115.57,0.67,0.98,34,0.012,0.016,0.974
116373,-0.22,-1.5,-113.89,-0.31,-0.73,33.33,0.033,0.022,1.009
116383,-0.2,-1.48,-113.57,1.04,0.61,31.68,0.007,0.02,1.015
116454,-0.12,-1.41,-111.4,1.34,0.79,29.97,0.011,0.041,1
116464,-0.14,-1.37,-111.12,-0.43,0.55,28.32,-0.023,-0.019,0.998
116535,-0.11,-1.28,-109.19,0.18,1.04,26.61,-0.01,0.011,1.015
116584,-0.14,-1.26,-107.83,0.67,1.4,26.86,0.009,-0.002,0.999
116604,-0.15,-1.25,-107.27,-0.12,-0.31,29.05,0.035,-0.013,0.984
116664,-0.24,-1.28,-105.5,-0.06,1.1,31.49,0.058,-0.01,0.979
116664,-0.24,-1.28,-105.5,-0.06,1.1,31.49,0.058,-0.01,0.979
116724,-0.32,-1.34,-103.51,0.24,0.55,34.61,0.027,-0.031,1.003
116784,-0.35,-1.37,-101.29,1.04,0.73,37.23,0.008,-0.032,0.993
116784,-0.35,-1.37,-101.29,1.04,0.73,37.23,0.008,-0.032,0.993
116854,-0.4,-1.36,-98.48,1.16,2.44,40.28,0.067,0.012,0.983
116904,-0.47,-1.27,-96.48,0.31,1.4,38.51,0,-0.027,0.978
116925,-0.48,-1.22,-95.73,-0.31,0.61,36.25,0,0.009,1
116985,-0.52,-1.04,-93.78,-0.31,-0.55,27.89,-0.026,-0.003,1.019
116995,-0.52,-1.02,-93.51,-0.31,-0.55,27.89,-0.026,-0.003,1.019
117055,-0.64,-0.96,-92.1,-0.43,-2.5,19.84,-0.026,-0.036,0.939
117105,-0.75,-0.86,-91.49,-1.34,-3.23,7.26,-0.034,-0.031,0.965
117126,-0.77,-0.84,-91.38,1.04,0.31,4.03,-0.021,-0.021,0.987
117195,-0.69,-0.76,-91.48,-0.49,-0.79,-5.31,-0.018,-0.014,1.006
117195,-0.69,-0.76,-91.48,-0.49,-0.79,-5.31,-0.018,-0.014,1.006
117275,-0.51,-0.75,-92.31,0.92,-0.24,-14.34,0.001,0.019,0.99
117285,-0.51,-0.77,-92.43,-1.95,-1.83,-12.02,0.026,0.037,1.009
117347,-0.37,-0.81,-93.32,1.16,-1.1,-15.14,0.002,0.042,1.034
117356,-0.32,-0.81,-93.48,1.16,-1.1,-15.14,0.002,0.042,1.034
117407,-0.23,-0.87,-94.19,-0.12,1.59,-13.37,0.038,0.041,0.964
117456,-0.09,-0.93,-94.83,-0.18,-0.18,-11.23,0.037,0.038,0.984
117476,-0.05,-1.01,-95.03,-0.06,-2.2,-10.19,0.043,0.034,1.009
117536,0.1,-1.09,-95.58,0.49,-0.92,-7.81,0.026,0.04,0.982
117586,0.15,-1.12,-95.92,-0.06,-1.22,-5.49,0.04,0.02,0.987
117596,0.16,-1.14,-95.97,-0.06,-1.22,-5.49,0.04,0.02,0.987
117657,0.19,-1.15,-96.15,-0.18,0.43,-1.95,0.038,0.01,0.992
117696,0.16,-1.18,-96.14,-0.37,-0.73,1.4,0.027,-0.005,0.984
117716,0.15,-1.21,-96.1,0.43,0.12,2.08,0.051,-0.016,1
117776,0.07,-1.29,-95.74,-0.31,-0.67,8.42,0.051,-0.022,0.994
117786,0.07,-1.3,-95.63,0.49,-0.61,11.17,0.032,-0.009,0.999
117847,-0.04,-1.44,-94.81,0.18,0.31,17.33,0.048,-0.016,1.003
117897,-0.12,-1.55,-93.78,-0.24,0.24,22.52,0.078,-0.028,0.995
117917,-0.14,-1.56,-93.32,0.31,0.55,22.95,0.04,-0.021,1.009
117978,-0.24,-1.65,-91.78,-0.67,-0.18,26.06,0.063,-0.021,0.955
117987,-0.25,-1.63,-91.51,0.43,2.26,27.65,0.041,-0.01,1.007
118048,-0.29,-1.67,-89.71,-0.31,-2.2,31.37,0.053,-0.018,0.996
118107,-0.32,-1.68,-87.75,0,0.79,33.94,0.036,0.011,0.99
118107,-0.32,-1.68,-87.75,0,0.79,33.94,0.036,0.011,0.99
118168,-0.35,-1.64,-85.68,0.06,0.73,35.03,0.033,0.005,0.988
118217,-0.33,-1.62,-83.91,0.73,1.28,34.79,0.053,0.008,0.98
118237,-0.31,-1.61,-83.2,0.37,0.24,35.52,0.027,0.025,0.99
118297,-0.25,-1.55,-81.08,-0.06,0.43,34.61,0.03,0.024,0.984
118337,-0.2,-1.49,-80.04,-0.24,1.1,34.79,0.021,0.049,1.014
118348,-0.17,-1.48,-79.35,0.12,0.37,34.06,0.039,0.031,0.987
118408,-0.14,-1.54,-77.25,-1.77,-2.62,36.62,0.068,0.025,0.994
118458,-0.12,-1.65,-75.4,-1.65,-1.77,37.35,0.021,0.037,0.986
118478,-0.11,-1.61,-74.65,0.18,0.31,37.29,0.003,0.023,1.016
118538,-0.07,-1.68,-72.43,0.31,-0.12,35.58,0.026,0.034,0.972
118538,-0.07,-1.68,-72.43,0.31,-0.12,35.58,0.026,0.034,0.972
118610,-0.09,-1.69,-69.81,-0.24,0,38.09,0.034,0.013,1.004
118658,-0.13,-1.71,-67.95,-0.24,0,38.09,0.037,0.008,0.991
118688,-0.16,-1.77,-66.75,0.31,0.24,40.59,0.053,-0.02,0.955
118739,-0.23,-1.77,-64.71,-0.18,-0.37,41.81,0.04,-0.009,1.021
118739,-0.23,-1.77,-64.71,-0.18,-0.37,41.81,0.04,-0.009,1.021
118809,-0.31,-1.79,-61.81,0,-0.37,41.93,0.051,-0.006,0.971
118858,-0.35,-1.81,-59.69,0.73,1.22,41.69,0.02,0,0.972
118879,-0.41,-1.82,-58.83,-1.28,-0.98,43.15,0.03,-0.011,0.957
118949,-0.51,-1.66,-56.1,-1.4,-2.38,35.22,0.004,-0.024,0.944
118959,-0.54,-1.68,-55.74,-1.4,-2.38,35.22,0.004,-0.024,0.944
119019,-0.61,-1.47,-53.81,-0.24,0.55,31.13,-0.006,-0.025,1.034
119059,-0.65,-1.41,-52.79,-0.85,-1.4,23.62,-0.012,-0.034,1.002
119079,-0.65,-1.36,-52.36,1.59,-0.24,21.85,-0.016,-0.028,0.956
119141,-0.75,-1.26,-51.35,-1.28,-0.55,13.18,-0.031,-0.033,1.016
119141,-0.75,-1.26,-51.35,-1.28,-0.55,13.18,-0.031,-0.033,1.016
119210,-0.75,-0.99,-51.19,0.12,-1.83,-6.47,-0.062,-0.024,0.981
119249,-0.7,-0.87,-51.66,1.04,-0.61,-16.78,-0.027,-0.003,0.968
119289,-0.68,-0.86,-52.39,1.04,0.18,-20.2,-0.011,-0.01,1
119340,-0.66,-0.83,-53.51,-0.24,1.16,-22.95,-0.004,0.001,1.006
119360,-0.6,-0.81,-54.02,0.92,-1.34,-25.63,-0.036,0.015,0.974
119420,-0.51,-0.82,-55.61,-0.92,-0.67,-26.67,0.01,0.026,0.988
119430,-0.48,-0.81,-55.89,-0.24,1.95,-27.47,0.02,0.025,1.016
119490,-0.33,-0.86,-57.51,1.16,-3.54,-25.15,0.048,0.022,0.985
119500,-0.3,-0.91,-57.77,1.16,-3.54,-25.15,0.048,0.022,0.985
119570,-0.08,-1.01,-59.22,0.85,-1.59,-18.8,0.028,0.02,0.967
119620,0.02,-1.09,-60.14,-0.67,0.06,-17.58,0.051,0.044,1.016
119630,0.04,-1.1,-60.27,0.73,0.73,-13.55,0.053,0.036,1.006
119690,0.14,-1.15,-60.98,0.37,-0.49,-7.81,0.025,0.028,1.005
119701,0.16,-1.16,-61.06,0.37,-0.49,-7.81,0.025,0.028,1.005
119760,0.19,-1.21,-61.34,-0.37,2.5,-2.2,0.077,0.014,0.992
119822,0.19,-1.32,-61.11,-0.43,-1.16,6.71,0.055,-0.001,0.988
119822,0.19,-1.32,-61.11,-0.43,-1.16,6.71,0.055,-0.001,0.988
119881,0.13,-1.46,-60.36,-0.43,-0.92,15.32,0.068,-0.015,0.978
119941,0.03,-1.64,-58.99,-0.55,-0.37,28.44,0.053,-0.029,0.988
119941,0.03,-1.64,-58.99,-0.55,-0.37,28.44,0.053,-0.029,0.988
120001,-0.05,-1.8,-57.1,1.65,2.38,34.79,0.059,-0.018,0.985
120061,-0.14,-1.9,-54.88,0.37,-0.98,40.95,0.047,0.007,0.966
120071,-0.15,-1.92,-54.47,0.37,-0.98,40.95,0.047,0.007,0.966
120141,-0.25,-2.01,-51.36,0.06,0.61,46.75,0.055,-0.003,0.976
120181,-0.29,-2.04,-49.45,-0.85,-0.24,46.81,0.031,0.006,1.033
120201,-0.32,-2.02,-48.52,-0.55,0.67,46.88,0.02,0.004,1.04
120251,-0.38,-1.97,-46.21,0,0.55,45.23,0.019,0.006,0.941
120272,-0.39,-1.95,-45.3,0.12,0.61,45.72,0.031,0.014,0.948
120332,-0.36,-1.85,-42.71,-0.31,-0.31,41.93,0.026,0.026,1.035
120372,-0.32,-1.79,-41.06,-1.1,-0.49,41.44,0.03,0.027,1.035
120412,-0.3,-1.75,-39.47,-1.28,-0.98,39.37,0.023,0.021,1.027
120462,-0.25,-1.72,-37.52,1.22,0.37,37.84,0.029,0.033,1.023
120473,-0.23,-1.72,-37.14,1.22,0.37,37.84,0.029,0.033,1.023
120532,-0.14,-1.64,-34.97,-0.12,-0.06,34.79,0,0.026,0.989
120572,-0.04,-1.6,-33.66,-0.55,0.12,31.43,0.015,0.051,0.983
120612,0,-1.52,-32.44,0.98,1.16,29.91,0.038,0.032,0.989
120662,0,-1.48,-31.03,0.49,-0.37,26.43,0.015,-0.016,0.97
120673,-0.01,-1.48,-30.76,0.49,-0.37,26.43,0.015,-0.016,0.97
120733,-0.04,-1.47,-29.1,0.98,1.71,26.92,0.026,0.013,1.015
120772,-0.08,-1.49,-27.95,0.55,0.24,28.5,0.035,-0.017,1.014
120793,-0.07,-1.48,-27.38,0.37,0.85,28.63,0.03,0.016,0.984
120863,-0.19,-1.51,-25.22,0.61,1.16,32.04,0.068,-0.02,1.021
120863,-0.19,-1.51,-25.22,0.61,1.16,32.04,0.068,-0.02,1.021
120933,-0.34,-1.58,-22.82,0.06,0.55,34.91,0.054,-0.049,0.99
120973,-0.34,-1.62,-21.24,0.67,0.73,40.04,0.052,-0.002,0.983
120993,-0.41,-1.6,-20.42,0.98,0.43,40.65,0.026,-0.068,0.964
121063,-0.42,-1.55,-17.51,-0.18,0.12,42.11,0.01,-0.008,0.992
121063,-0.42,-1.55,-17.51,-0.18,0.12,42.11,0.01,-0.008,0.992
121133,-0.51,-1.49,-15.02,-0.61,-0.67,38.88,-0.011,-0.011,1.03
121144,-0.57,-1.47,-14.25,-1.83,-0.24,37.11,0.011,-0.021,1.004
121193,-0.66,-1.44,-12.47,-0.61,0.73,33.39,0.016,-0.021,0.967
121255,-0.77,-1.35,-10.87,-0.73,-2.5,23.25,-0.011,-0.007,1.015
121264,-0.78,-1.29,-10.67,-0.43,1.53,18.92,-0.048,-0.02,1.012
121324,-0.9,-1.12,-9.94,-0.79,-2.75,6.77,-0.005,-0.02,0.994
121374,-0.91,-1.09,-9.78,0.24,-2.87,1.1,-0.016,-0.026,0.974
121384,-0.9,-1.09,-9.79,0.49,0.12,-0.49,0.009,-0.005,1.024
121444,-0.83,-0.98,-10.16,0.06,-2.14,-8.91,-0.026,0.009,1.026
121504,-0.74,-0.93,-10.89,-1.77,0.18,-15.01,0.007,0.007,1.043
121504,-0.74,-0.93,-10.89,-1.77,0.18,-15.01,0.007,0.007,1.043
121574,-0.58,-0.83,-12.1,-0.31,3.42,-19.53,0.01,0.021,1.011
121624,-0.46,-0.81,-13.12,1.1,-0.55,-21.18,0.03,0.036,0.983
121645,-0.4,-0.83,-13.52,-0.79,-0.18,-19.71,0.034,0.033,1.005
121705,-0.25,-0.92,-14.44,-0.85,-0.31,-15.93,0.046,0.038,1.008
121705,-0.25,-0.92,-14.44,-0.85,-0.31,-15.93,0.046,0.038,1.008
121765,-0.13,-1.04,-15.42,0.43,0.31,-10.07,0.083,-0.016,1.009
121825,-0.08,-1.13,-15.92,-0.43,-0.92,-5.13,0.033,0.003,0.978
121835,-0.08,-1.14,-15.97,-0.43,-0.92,-5.13,0.033,0.003,0.978
121895,-0.08,-1.2,-16.21,0.18,1.71,-3.72,0.027,-0.001,0.997
121935,-0.1,-1.24,-16.24,0.85,-0.12,-0.73,0.038,-0.017,0.996
121956,-0.1,-1.25,-16.24,-0.24,0.18,0.43,0.038,0,1
122015,-0.12,-1.33,-15.94,1.1,0.24,7.32,0.028,-0.005,1.014
122055,-0.18,-1.4,-15.6,-0.06,-0.12,9.03,0.073,-0.027,1.025
122075,-0.16,-1.41,-15.35,1.46,-0.12,12.21,0.032,-0.007,0.989
122136,-0.23,-1.48,-14.38,0.98,1.77,19.9,0.064,-0.023,1.001
122146,-0.23,-1.52,-14.17,0.43,-1.34,21.24,0.071,-0.017,0.957
122196,-0.29,-1.57,-12.96,0.55,2.08,25.39,0.041,-0.013,1.024
122256,-0.34,-1.68,-11.21,-0.37,-0.49,31.56,0.071,-0.017,0.946
122266,-0.35,-1.68,-10.9,0.12,0.43,31.19,0.039,-0.01,0.97
122326,-0.42,-1.7,-8.85,0.43,1.4,35.77,0.062,-0.01,1.004
122376,-0.43,-1.66,-7,0.43,1.53,38.02,0.039,0.008,1.03
122397,-0.4,-1.63,-6.22,2.01,1.59,39.18,0.034,0.003,1.011
122446,-0.35,-1.58,-4.26,0.73,0.43,38.15,0.023,0.018,0.979
122506,-0.34,-1.57,-1.96,-1.16,-1.1,36.68,0.02,0.019,0.996
122506,-0.34,-1.57,-1.96,-1.16,-1.1,36.68,0.02,0.019,0.996
122567,-0.35,-1.59,0.21,-0.49,0.61,35.71,0.029,0.036,0.967
122617,-0.32,-1.6,1.55,1.16,0.43,32.41,0.016,0.048,1.02
122626,-0.29,-1.59,2.18,-0.85,-1.4,30.21,0.004,0.027,0.967
122696,-0.19,-1.55,4.16,0,-0.24,26.31,0.024,0.024,0.985
122707,-0.16,-1.57,4.43,1.71,-2.2,26.79,0.011,0.025,0.993
122768,-0.1,-1.54,5.89,0.61,-0.79,22.89,0.028,0.013,0.999
122817,-0.07,-1.5,6.93,0.55,0.12,20.02,0.026,0.017,0.982
122827,-0.07,-1.49,7.1,0.43,-0.85,18.01,0.005,0.002,1.002
122897,-0.03,-1.45,8.19,0.49,-0.73,14.1,0.021,0.021,0.997
122947,-0.06,-1.35,8.71,-0.12,-0.12,7.57,-0.024,-0.024,0.99
122958,-0.08,-1.32,8.79,-0.12,-0.12,7.57,-0.024,-0.024,0.99
123018,-0.09,-1.26,8.9,0.12,0,-0.79,-0.007,-0.015,1.002
123018,-0.09,-1.26,8.9,0.12,0,-0.79,-0.007,-0.015,1.002
123079,-0.14,-1.18,8.61,1.4,-0.31,-8.18,-0.014,-0.028,0.984
123137,-0.23,-1.07,7.8,0.79,-0.73,-17.46,-0.016,-0.04,0.966
123137,-0.23,-1.07,7.8,0.79,-0.73,-17.46,-0.016,-0.04,0.966
123208,-0.38,-0.85,5.88,0.79,-1.34,-35.4,-0.042,-0.03,1
123248,-0.4,-0.82,4.28,0.49,-1.4,-43.15,-0.048,-0.032,0.936
123258,-0.4,-0.8,3.85,0.49,-1.4,-43.15,-0.048,-0.032,0.936
123328,-0.3,-0.8,0.3,0.85,-0.98,-53.41,-0.011,0,0.96
123378,-0.18,-0.86,-2.47,-0.55,-1.77,-55.11,0.003,0.005,1
123388,-0.15,-0.87,-3.02,-0.67,0.12,-55.24,0.021,0.041,0.966
123448,-0.03,-0.81,-6.38,-2.08,0.98,-54.2,0.022,0.073,0.998
123508,0.15,-0.81,-9.61,-0.92,0.06,-51.39,0.015,0.069,1.002
123518,0.19,-0.81,-10.12,-0.92,0.06,-51.39,0.015,0.069,1.002
123568,0.35,-0.72,-12.75,-0.61,-0.49,-48.77,0.053,0.054,1.004
123588,0.42,-0.78,-13.7,-0.92,1.65,-46.45,0.106,0.073,0.979
123649,0.58,-0.87,-16.18,1.59,-1.22,-36.13,0.064,0.062,1.001
123699,0.71,-1.01,-17.72,0.98,-0.37,-27.59,0.098,0.026,1.006
123709,0.71,-1.05,-17.93,-0.12,-0.43,-20.51,0.083,0.019,0.985
123789,0.73,-1.3,-18.86,-0.67,2.38,-2.14,0.097,-0.01,0.99
123779,0.75,-1.29,-18.84,0.12,1.04,-5.07,0.098,0.015,0.985
123849,0.66,-1.45,-18.54,0.79,1.71,10.93,0.078,0.006,0.983
123899,0.57,-1.55,-17.75,-0.24,1.04,19.35,0.093,-0.02,0.987
123909,0.55,-1.56,-17.54,0.55,2.69,21.06,0.089,-0.019,1.001
123969,0.44,-1.62,-15.97,-0.18,0.06,29.54,0.104,-0.004,1.019
124019,0.34,-1.69,-14.28,0.55,1.16,36.68,0.075,0.006,0.979
124039,0.26,-1.75,-13.47,-0.37,0.43,40.47,0.083,-0.033,0.965
124099,0.16,-1.8,-11.27,0.67,2.2,48.28,0.058,0.015,0.972
124099,0.16,-1.8,-11.27,0.67,2.2,48.28,0.058,0.015,0.972
124160,0.16,-1.9,-7.58,-0.12,-0.43,56.58,0.057,0.04,0.972
124220,0.09,-2.04,-3.89,-1.04,-0.92,63.23,0.066,0.028,0.982
124250,0.09,-2.11,-1.92,0.06,-0.49,65.49,0.061,0.037,1.009
124300,0.07,-2.14,1.32,-0.43,0.49,64.45,0.035,0.055,0.958
124310,0.05,-2.13,1.94,-0.73,-0.92,62.38,-0.003,0.021,1.005
124371,0.03,-2.04,5.48,0,0.73,55.54,0.002,0.04,1.023
124421,0.02,-1.94,8.05,-0.37,-0.67,48.4,-0.022,0.02,0.985
124460,0.04,-1.87,9.85,0.18,-0.55,43.33,-0.021,0.029,0.985
124450,0.04,-1.9,9.42,0.18,-0.55,43.33,-0.021,0.029,0.985
124570,0.09,-1.5,12.92,-0.24,-0.31,12.27,-0.04,0.031,1.007
124541,0.05,-1.58,12.37,-0.43,-1.65,23.74,-0.046,-0.002,0.997
124581,0.1,-1.46,13.04,-0.24,-0.31,12.27,-0.04,0.031,1.007
124651,0.07,-1.22,13.32,-0.61,0.79,-3.91,-0.03,-0.011,0.983
124661,0.05,-1.19,13.27,-0.61,0.79,-3.91,-0.03,-0.011,0.983
124731,0.03,-0.98,12.3,-0.67,-0.49,-21.42,-0.058,-0.04,1.017
124781,-0.03,-0.85,11.04,-0.92,-1.4,-28.63,-0.048,-0.008,1.015
124792,-0.03,-0.79,10.68,0.79,1.95,-35.28,-0.056,-0.035,1.028
124851,-0.13,-0.53,8.11,-0.43,-0.67,-50.23,-0.047,-0.041,1.054
124861,-0.15,-0.51,7.61,-0.43,-0.67,-50.23,-0.047,-0.041,1.054
124921,-0.22,-0.32,4.07,-0.61,-0.31,-62.38,-0.048,-0.024,0.932
124982,-0.19,-0.26,0.03,0.12,-0.06,-68.12,0.007,0.018,0.916
124982,-0.19,-0.26,0.03,0.12,-0.06,-68.12,0.007,0.018,0.916
125041,-0.07,-0.2,-4.17,-0.67,1.22,-70.07,0.014,0.046,0.939
125102,0.1,-0.32,-8.29,-1.16,-2.56,-67.08,0.037,0.069,1.055
125122,0.18,-0.36,-9.55,-0.55,-0.37,-62.81,0.036,0.064,0.972
125182,0.35,-0.43,-13.17,-0.49,-0.31,-57.68,0.026,0.049,0.982
125182,0.35,-0.43,-13.17,-0.49,-0.31,-57.68,0.026,0.049,0.982
125252,0.58,-0.6,-16.79,-0.18,0.61,-45.41,0.064,0.041,1.021
125302,0.75,-0.73,-18.81,0.37,-0.31,-36.44,0.075,0.06,1
125302,0.75,-0.73,-18.81,0.37,-0.31,-36.44,0.075,0.06,1
125372,0.86,-1.04,-20.56,1.71,-0.06,-15.2,0.086,0.021,0.997
125422,0.88,-1.2,-20.99,-0.92,-0.79,-3.42,0.087,0.007,1
125432,0.86,-1.23,-20.98,0.37,3.36,0.31,0.127,-0.016,0.992
125493,0.8,-1.41,-20.43,-0.92,-0.55,15.75,0.095,-0.013,0.981
125542,0.72,-1.5,-19.39,0.43,2.44,24.41,0.082,-0.008,0.976
125553,0.69,-1.54,-19.09,-1.4,-0.55,29.97,0.078,0.002,1.011
125613,0.57,-1.66,-17.08,0.18,1.4,39.86,0.081,0.003,0.955
125653,0.46,-1.76,-15.42,-0.06,1.16,45.53,0.069,-0.016,0.962
125673,0.42,-1.78,-14.49,0.37,1.28,48.52,0.064,0.009,0.966
125733,0.31,-1.85,-11.38,0.18,1.89,54.87,0.045,0.02,0.983
125744,0.31,-1.84,-10.83,0.18,1.89,54.87,0.045,0.02,0.983
125793,0.3,-1.92,-7.84,0.49,-0.31,62.26,0.042,0.037,0.969
125853,0.25,-2.04,-3.9,-1.28,-0.98,67.02,0.043,0.031,1.021
125863,0.23,-2.05,-3.23,-1.28,-0.98,67.02,0.043,0.031,1.021
125943,0.19,-2.09,1.93,-0.43,1.04,61.16,0.001,0.057,1
125994,0.18,-2.01,4.75,-0.55,0.73,54.08,0.002,0.053,1.037
125994,0.18,-2.01,4.75,-0.55,0.73,54.08,0.002,0.053,1.037
126054,0.15,-1.9,7.66,-0.37,-1.95,44.19,-0.045,0.018,1.006
126084,0.13,-1.8,8.85,-0.31,0.79,37.48,-0.021,0.021,0.97
126134,0.18,-1.65,10.4,-0.61,-2.44,25.7,-0.058,-0.013,0.988
126194,0.17,-1.47,11.52,-0.37,-0.61,10.5,-0.078,-0.003,0.992
126194,0.17,-1.47,11.52,-0.37,-0.61,10.5,-0.078,-0.003,0.992
126254,0.15,-1.27,11.83,0.12,1.53,-1.65,-0.016,0.007,0.995
126264,0.15,-1.24,11.82,0.12,1.53,-1.65,-0.016,0.007,0.995
126324,0.14,-1.15,11.32,-0.06,0.79,-12.21,0.011,0.017,1.014
126374,0.09,-1.01,10.39,-0.18,0.43,-23.13,-0.004,-0.025,0.965
126394,0.08,-0.96,9.88,-0.06,-1.1,-28.2,-0.043,0.001,1.021
126454,-0.01,-0.69,7.81,-0.85,1.16,-42.48,-0.032,-0.034,0.969
126504,-0.12,-0.48,5.39,-0.43,0.67,-52.86,-0.058,-0.032,0.984
126515,-0.13,-0.45,4.82,-0.43,-0.98,-57.19,-0.057,-0.027,1.046
126565,-0.19,-0.34,1.76,-1.83,0.67,-64.09,-0.026,-0.015,0.927
126615,-0.19,-0.25,-1.66,-0.61,1.1,-69.21,-0.019,0.001,0.947
126645,-0.18,-0.24,-3.05,-0.06,-0.12,-70.01,0.023,0.022,0.962
126706,-0.06,-0.26,-7.93,-2.5,-0.92,-64.76,0.038,0.045,0.933
126715,-0.05,-0.29,-8.57,-2.5,-0.92,-64.76,0.038,0.045,0.933
126775,0.14,-0.44,-12.23,-0.67,0.24,-58.72,0.025,0.063,0.987
126815,0.24,-0.49,-14.44,-0.43,0.92,-53.65,0.043,0.042,0.985
126835,0.29,-0.53,-15.49,-0.92,0.73,-52.25,0.059,0.054,0.977
126895,0.44,-0.63,-17.74,-0.43,0.92,-42.54,0.057,0.048,0.984
126906,0.52,-0.71,-18.53,1.4,-2.62,-36.74,0.083,0.07,1.022
126976,0.69,-0.97,-20.57,-0.67,0.49,-21.12,0.093,0.033,0.981
127015,0.75,-1.13,-21.18,1.1,-0.67,-11.41,0.099,0.033,0.976
127036,0.74,-1.17,-21.31,-1.16,3.54,-6.9,0.121,0.024,0.989
127106,0.7,-1.38,-20.92,-0.12,4.94,13.24,0.086,-0.018,0.968
127116,0.68,-1.37,-20.78,-0.12,4.94,13.24,0.086,-0.018,0.968
127177,0.62,-1.53,-19.47,0,1.71,26.86,0.062,0.021,1.024
127177,0.62,-1.53,-19.47,0,1.71,26.86,0.062,0.021,1.024
127238,0.47,-1.61,-17.56,-0.43,2.14,35.4,0.061,0.013,1.026
127296,0.31,-1.79,-15.07,-0.31,0.79,45.17,0.098,-0.021,0.971
127296,0.31,-1.79,-15.07,-0.31,0.79,45.17,0.098,-0.021,0.971
127377,0.15,-1.93,-10.94,0.06,1.22,54.57,0.067,-0.013,0.967
127416,0.13,-1.96,-8.61,0.43,1.59,58.41,0.062,0.015,0.951
127446,0.14,-2,-6.74,0.37,0.43,63.54,0.071,0.058,0.967
127497,0.09,-2.05,-3.43,-0.18,-0.49,66.89,0.024,0.037,1.003
127517,0.04,-2.09,-2.08,-1.65,-1.46,67.44,0.041,0.029,1.016
127587,-0.04,-2.05,2.31,-0.79,-1.34,58.29,-0.014,0.061,1.033
127587,-0.04,-2.05,2.31,-0.79,-1.34,58.29,-0.014,0.061,1.033
127668,-0.04,-1.91,6.5,0.12,-1.22,46.88,-0.008,0.04,0.999
127668,-0.04,-1.91,6.5,0.12,-1.22,46.88,-0.008,0.04,0.999
127727,-0.07,-1.75,8.96,-1.04,-0.85,35.83,-0.027,0.012,0.984
127777,-0.07,-1.63,10.5,-0.49,-0.61,26.67,-0.029,0.007,0.995
127787,-0.06,-1.58,10.74,0.12,-0.85,23.74,-0.067,0.029,1.012
127847,-0.03,-1.42,11.67,-0.67,-0.61,10.25,-0.013,0.01,0.993
127907,-0.05,-1.22,11.91,0.49,0.55,-2.93,-0.043,0.023,1.005
127927,-0.05,-1.18,11.84,-0.79,-2.32,-4.64,-0.026,-0.028,0.986
127978,-0.08,-1.09,11.37,-0.73,-1.34,-12.02,-0.012,-0.016,1.003
127988,-0.08,-1.04,11.22,0.43,1.1,-14.28,-0.046,-0.02,0.978
128049,-0.12,-0.89,10.01,-0.67,-0.18,-24.84,-0.031,-0.001,0.984
128098,-0.2,-0.74,8.54,0.49,-1.53,-31.68,-0.063,-0.049,1.01
128118,-0.26,-0.62,7.82,-1.1,1.83,-35.95,-0.064,-0.042,0.977
128178,-0.34,-0.43,4.91,-0.49,-1.1,-53.71,-0.042,-0.018,1.043
128188,-0.35,-0.41,4.35,-1.04,-1.04,-56.03,-0.045,-0.018,1.014
128258,-0.37,-0.25,-0.03,0.55,0.18,-66.28,-0.03,0.003,1.035
128308,-0.31,-0.23,-3.38,0.06,0.43,-68.48,-0.008,0.003,0.952
128318,-0.3,-0.23,-4.06,0.06,0.43,-68.48,-0.008,0.003,0.952
128378,-0.21,-0.29,-7.99,-0.67,-1.89,-62.68,0.017,0.024,1.019
128389,-0.18,-0.32,-8.6,-0.43,-0.73,-61.89,0.054,0.059,1.002
128448,-0.01,-0.44,-12.1,-1.04,0.06,-55.73,0.037,0.047,0.989
128509,0.12,-0.5,-15.25,-1.04,0.43,-49.56,0.051,0.042,1.011
128519,0.14,-0.52,-15.75,-1.04,0.43,-49.56,0.051,0.042,1.011
128579,0.34,-0.75,-18.2,0.85,-0.98,-37.66,0.056,0.047,1.012
128619,0.45,-0.91,-19.43,1.22,-2.5,-28.14,0.093,0.043,1.007
128649,0.49,-0.98,-20.09,0.12,0.24,-18.86,0.075,0.033,0.99
128709,0.52,-1.19,-20.72,-0.24,2.2,-3.85,0.104,-0.011,0.994
128709,0.52,-1.19,-20.72,-0.24,2.2,-3.85,0.104,-0.011,0.994
128779,0.49,-1.37,-20.43,-0.55,1.04,12.15,0.104,-0.015,0.999
128819,0.41,-1.43,-19.58,-0.92,0.31,15.32,0.071,-0.01,0.981
128849,0.34,-1.53,-18.83,-0.24,1.77,26.92,0.069,-0.028,1.022
128899,0.24,-1.6,-17.32,-1.53,0.92,33.45,0.092,-0.005,0.945
128921,0.21,-1.64,-16.58,-0.55,0.24,36.68,0.066,0.009,1.039
128970,0.1,-1.76,-14.48,0.12,1.53,45.41,0.072,-0.017,0.985
128981,0.08,-1.77,-14.02,0.12,1.53,45.41,0.072,-0.017,0.985
129050,0.01,-1.9,-10.35,0.31,-0.18,56.64,0.064,0.013,0.963
129061,0.01,-1.92,-9.79,0.31,-0.18,56.64,0.064,0.013,0.963
129130,-0.01,-2,-5.4,-0.49,-1.4,66.83,0.048,0.018,0.959
129190,-0.1,-2.11,-1.32,-1.34,-1.46,68.54,0.049,0.042,1.012
129190,-0.1,-2.11,-1.32,-1.34,-1.46,68.54,0.049,0.042,1.012
129260,-0.18,-2.09,3.38,-1.22,-0.55,63.72,0.009,0.029,0.986
129260,-0.18,-2.09,3.38,-1.22,-0.55,63.72,0.009,0.029,0.986
129340,-0.23,-1.94,8.13,-0.79,-1.34,55.18,-0.031,0.007,1
129381,-0.2,-1.88,10.17,-0.43,-1.77,50.35,0,0.039,0.99
129400,-0.2,-1.81,11.07,0.49,-0.49,45.23,-0.033,0.016,0.986
129461,-0.18,-1.59,13.35,0.31,0.31,32.78,-0.029,0.018,1.005
129471,-0.19,-1.58,13.66,-0.61,-2.81,31.07,-0.034,0.008,1.008
129541,-0.18,-1.38,15.36,0.55,0.98,20.45,-0.023,0.005,1.003
129581,-0.16,-1.32,15.93,0.18,0.43,12.63,-0.004,0.003,1.012
129611,-0.18,-1.24,16.23,0.24,-0.24,6.41,-0.041,-0.015,0.981
129621,-0.18,-1.2,16.3,0.24,-0.24,6.41,-0.041,-0.015,0.981
129691,-0.23,-1.01,16.3,0.43,0.24,-6.1,-0.001,0,1.011
129751,-0.33,-0.87,15.67,-0.37,-1.22,-14.53,-0.016,-0.025,1.016
129771,-0.36,-0.83,15.33,0.49,0.12,-19.35,-0.04,-0.048,0.956
129822,-0.5,-0.71,14.21,-0.55,-2.56,-23.8,-0.042,-0.05,1.027
129831,-0.53,-0.68,13.92,-1.16,0.43,-28.93,-0.035,-0.056,1.024
129892,-0.66,-0.59,11.9,-0.92,-2.81,-35.58,-0.005,-0.043,1.023
129931,-0.69,-0.58,10.34,-1.16,0.67,-41.63,-0.024,-0.025,0.928
129952,-0.7,-0.55,9.51,0.06,-0.67,-41.32,-0.024,-0.003,1.055
130022,-0.58,-0.53,6.4,-0.06,-0.31,-45.29,-0.013,0.002,0.989
130082,-0.49,-0.55,3.73,-1.1,0,-42.66,0.02,0.02,0.969
130162,-0.32,-0.7,0.71,0.37,0.37,-33.26,0.064,0.02,0.965
130282,-0.16,-1.05,-1.79,-0.31,-0.49,-10.25,0.076,0.009,0.985
130212,-0.23,-0.89,-0.66,-0.24,0.55,-22.16,0.12,0.043,1.028
130202,-0.26,-0.83,-0.44,-1.04,-0.73,-26.25,0.056,0.024,0.974
130292,-0.13,-1.05,-1.88,0.49,2.32,-9.46,0.061,0.026,1.019
130302,-0.11,-1.05,-1.97,0.49,2.32,-9.46,0.061,0.026,1.019
130343,-0.09,-1.18,-2.08,-0.79,-0.61,0.12,0.096,0.011,0.998
130393,-0.05,-1.27,-1.85,-0.79,-0.55,8.61,0.084,0.017,1.013
130413,-0.03,-1.34,-1.61,1.83,1.53,14.65,0.099,0.003,0.986
130464,-0.01,-1.44,-0.71,0.18,0.92,21.06,0.056,0.012,1.032
130493,-0.01,-1.49,-0.01,-0.55,-0.24,25.82,0.055,0.037,0.985
130503,0,-1.51,0.25,-0.55,-0.24,25.82,0.055,0.037,0.985
130594,-0.04,-1.58,3.36,-0.43,-0.79,39.67,0.058,-0.007,0.999
130594,-0.04,-1.58,3.36,-0.43,-0.79,39.67,0.058,-0.007,0.999
130663,-0.13,-1.69,6.37,0,0.43,46.63,0.082,0.021,1.026
130663,-0.13,-1.69,6.37,0,0.43,46.63,0.082,0.021,1.026
130733,-0.3,-1.81,9.86,-0.49,-2.99,50.48,0.039,-0.006,1.004
130733,-0.3,-1.81,9.86,-0.49,-2.99,50.48,0.039,-0.006,1.004
130795,-0.42,-1.84,12.99,0.43,-2.01,52.8,0.046,-0.011,1.006
130874,-0.52,-1.83,17.22,-0.67,0.18,51.88,0.035,-0.008,0.978
130874,-0.52,-1.83,17.22,-0.67,0.18,51.88,0.035,-0.008,0.978
130944,-0.64,-1.74,20.78,-0.37,-1.1,49.38,0,-0.009,0.968
130944,-0.64,-1.74,20.78,-0.37,-1.1,49.38,0,-0.009,0.968
131014,-0.7,-1.66,24.05,0.85,0.55,43.46,0.021,0.022,0.994
131054,-0.68,-1.58,25.78,0.67,0,41.99,-0.009,0.001,1.003
131084,-0.66,-1.48,27.03,0.61,2.56,41.14,0.011,0.009,0.987
131135,-0.62,-1.4,28.89,1.65,0.06,36.07,0.017,0.021,0.972
131154,-0.61,-1.38,29.6,-0.85,-0.55,34.97,0.02,-0.01,0.977
131215,-0.54,-1.35,31.69,1.46,1.4,34.73,0.007,-0.016,1.012
131215,-0.54,-1.35,31.69,1.46,1.4,34.73,0.007,-0.016,1.012
131294,-0.48,-1.33,34.43,0,-0.31,34.18,0,-0.005,1.01
131334,-0.42,-1.29,35.72,-0.61,-1.04,29.91,0.014,0.011,0.987
131365,-0.39,-1.26,36.64,1.46,0.12,31.25,-0.003,0.008,0.977
131425,-0.32,-1.18,38.35,0.61,1.28,28.02,0.003,0.007,0.982
131435,-0.32,-1.18,38.63,-0.43,-0.79,27.28,0.017,0.01,0.976
131495,-0.33,-1.16,40.25,-0.37,0.73,26.86,0.032,-0.011,0.991
131515,-0.36,-1.16,40.79,0.18,-0.67,26.86,0.007,-0.021,0.994
131575,-0.35,-1.15,42.5,0.85,-0.12,28.5,0,-0.009,0.993
131616,-0.36,-1.11,43.68,0.43,-0.73,30.03,0.039,-0.021,0.981
131645,-0.38,-1.1,44.54,0.37,-0.18,27.83,0,-0.017,0.984
131695,-0.42,-1.12,46.1,0.79,0.79,30.58,0.02,-0.02,1
131715,-0.43,-1.1,46.75,1.04,0.92,34.18,0.028,-0.021,1.014
131765,-0.44,-1.07,48.42,0.31,0.37,32.1,0.012,-0.015,0.974
131815,-0.43,-0.96,49.95,1.65,1.1,27.89,-0.017,-0.024,0.99
131827,-0.43,-0.92,50.23,1.65,1.1,27.89,-0.017,-0.024,0.99
131886,-0.46,-0.77,51.74,0.43,0.37,22.22,-0.019,-0.025,0.968
131946,-0.62,-0.62,52.75,-0.55,1.65,13.79,-0.034,-0.059,0.966
131956,-0.65,-0.61,52.85,-0.67,-3.72,9.89,-0.06,-0.041,0.983
132016,-0.66,-0.55,53.14,0.79,3.11,0,-0.008,-0.007,0.97
132056,-0.64,-0.52,53.07,-0.31,2.5,-3.36,-0.021,-0.024,0.982
132076,-0.64,-0.49,52.99,0.24,-2.01,-5,0.001,0.009,1.003
132137,-0.5,-0.49,52.55,0.79,-1.65,-8.97,-0.004,0.02,1
132186,-0.4,-0.57,52.11,0,-0.55,-8.73,0,0.025,0.992
132197,-0.38,-0.56,52.01,-0.06,0.31,-9.58,0.006,0.026,0.999
132257,-0.26,-0.59,51.46,-0.85,-3.3,-8.61,0.03,0.034,0.999
132257,-0.26,-0.59,51.46,-0.85,-3.3,-8.61,0.03,0.034,0.999
132327,-0.08,-0.71,50.95,-0.24,-0.31,-5.49,0.021,0.042,1.009
132377,0.04,-0.77,50.69,0.31,0.43,-4.52,0.02,0.046,0.999
132397,0.1,-0.77,50.59,0.18,-0.31,-5.37,0.025,0.057,0.999
132447,0.23,-0.8,50.38,0.67,0.12,-3.6,0.018,0.043,0.983
132457,0.23,-0.81,50.37,-0.67,0.98,-1.04,0.043,0.011,0.998
132517,0.27,-0.87,50.34,0.12,0.79,2.32,0.051,0,1.005
132587,0.26,-0.96,50.64,-0.31,-0.61,6.23,0.042,-0.006,0.986
132597,0.25,-0.97,50.73,-0.43,-0.37,9.34,0.039,-0.008,1.006
132657,0.2,-1.1,51.42,-0.12,-0.43,15.87,0.06,-0.031,0.98
132657,0.2,-1.1,51.42,-0.12,-0.43,15.87,0.06,-0.031,0.98
132728,0.07,-1.21,52.64,-0.18,-0.31,19.9,0.05,-0.021,0.989
132777,0.03,-1.31,53.8,0.24,-0.73,24.78,0.027,-0.011,1.001
132798,0.02,-1.32,54.31,0.79,0.73,26.37,0.041,0,1.001
132858,0,-1.38,56.1,-0.31,-0.55,31.43,0.014,0.013,0.981
132858,0,-1.38,56.1,-0.31,-0.55,31.43,0.014,0.013,0.981
132918,-0.05,-1.42,58.15,-0.85,1.1,35.77,0.045,-0.001,0.99
132978,-0.11,-1.41,60.37,-0.31,1.59,36.13,0.023,-0.007,1.006
132988,-0.13,-1.39,60.73,-0.31,1.59,36.13,0.023,-0.007,1.006
133048,-0.19,-1.39,62.92,0,1.04,37.23,0.035,-0.001,1.021
133088,-0.19,-1.35,64.36,0.37,1.34,36.07,0.025,0.009,0.993
133108,-0.19,-1.35,65.1,-0.18,-0.73,37.17,0.019,0.021,1.004
133168,-0.12,-1.21,67.26,1.22,2.93,35.4,0.013,0.022,0.98
133228,-0.08,-1.19,69.03,-0.37,-0.73,35.03,0.015,0.011,0.98
133228,-0.08,-1.19,69.03,-0.37,-0.73,35.03,0.015,0.011,0.98
133289,-0.07,-1.22,71.47,-0.31,-0.98,35.52,0.019,0.028,0.986
133339,-0.05,-1.28,73.17,-1.53,-2.08,33.94,0.012,0.047,1.007
133359,-0.02,-1.29,73.84,0.18,0.43,33.2,0.028,0.052,1.002
133419,0.03,-1.33,75.84,-0.37,-1.34,32.9,0.008,0.033,0.988
133459,0.05,-1.37,77.2,0.12,-2.44,34.79,0.014,0.024,0.986
133469,0.06,-1.37,77.54,-0.79,1.46,34.12,0.039,0.041,1.026
133549,0.05,-1.44,80.33,-0.24,-2.26,34.79,0.028,0.024,1.002
133559,0.07,-1.43,80.69,-0.24,-2.26,34.79,0.028,0.024,1.002
133609,0.03,-1.47,82.53,-0.37,-0.92,36.25,0.021,-0.007,0.968
133659,0.02,-1.48,84.38,-0.31,-0.43,37.41,0.031,0,0.993
133679,0.01,-1.46,85.12,0.37,0.55,37.05,0.011,0.001,0.995
133750,-0.04,-1.42,87.6,0.06,-1.16,34.3,0.014,-0.001,1.028
133760,-0.05,-1.43,87.95,0.06,-1.16,34.3,0.014,-0.001,1.028
133810,-0.09,-1.31,89.48,-0.06,1.28,30.46,0.021,0.013,1
133830,-0.1,-1.29,90.05,-0.55,0.31,26.18,0.011,0.001,0.993
133900,-0.23,-1.18,91.75,-0.12,-0.92,21.73,-0.01,-0.022,0.987
133910,-0.27,-1.14,91.93,-1.53,-0.55,18.49,-0.048,-0.043,0.979
133980,-0.38,-1.06,92.98,0.37,0.43,10.56,-0.037,-0.027,1.007
133980,-0.38,-1.06,92.98,0.37,0.43,10.56,-0.037,-0.027,1.007
134050,-0.47,-0.91,93.33,-0.12,0.79,-5.07,-0.061,-0.042,0.977
134100,-0.52,-0.73,92.84,0,-0.67,-11.17,-0.048,-0.029,0.999
134130,-0.47,-0.64,92.52,0.85,-1.77,-18.68,-0.006,0.008,1
134182,-0.41,-0.6,91.24,1.34,-0.24,-24.11,-0.003,-0.003,0.986
134182,-0.41,-0.6,91.24,1.34,-0.24,-24.11,-0.003,-0.003,0.986
134240,-0.36,-0.62,89.79,-0.92,0.98,-24.72,0.016,0.017,0.966
134291,-0.29,-0.6,88.57,-2.38,1.22,-24.9,0.019,0.023,0.981
134301,-0.29,-0.6,88.31,-2.38,1.22,-24.9,0.019,0.023,0.981
134381,-0.14,-0.7,86.6,0.67,1.22,-18.55,0.052,0.015,0.966
134381,-0.14,-0.7,86.6,0.67,1.22,-18.55,0.052,0.015,0.966
134451,0.03,-0.82,85.45,-0.67,0.85,-14.53,0.038,0.033,1.01
134501,0.16,-0.88,84.86,0.67,0.55,-9.4,0.041,0.028,0.976
134512,0.16,-0.88,84.77,-0.49,2.14,-9.83,0.036,0.014,0.987
134581,0.27,-0.91,84.41,0.79,-1.04,-2.87,0.044,0.034,1.001
134611,0.31,-0.94,84.39,0.61,0.06,2.81,0.074,0.019,0.99
134652,0.36,-1.02,84.57,0.12,-0.49,8.42,0.038,0.021,1.006
134701,0.34,-1.12,85.08,0.61,1.1,11.11,0.073,0.001,0.972
134712,0.34,-1.14,85.23,-0.79,-1.04,15.08,0.042,0.023,0.986
134782,0.24,-1.36,86.62,-1.83,-0.85,22.46,0.066,0.002,0.999
134822,0.19,-1.41,87.72,0.06,0.61,28.44,0.042,0.002,1
134862,0.14,-1.52,89,1.22,1.04,33.08,0.073,-0.012,0.989
134862,0.14,-1.52,89,1.22,1.04,33.08,0.073,-0.012,0.989
134932,0.01,-1.61,91.56,-0.92,-2.62,39.61,0.078,-0.013,0.986
134972,-0.06,-1.71,93.18,-0.85,-0.67,43.82,0.055,-0.005,1.016
134993,-0.09,-1.74,94.05,0.67,0,42.91,0.046,-0.004,0.994
135063,-0.19,-1.8,97.23,0.24,0.73,46.63,0.042,-0.006,0.967
135063,-0.19,-1.8,97.23,0.24,0.73,46.63,0.042,-0.006,0.967
135142,-0.24,-1.74,101,-0.06,0.85,47.24,0.014,0.023,1.018
135142,-0.24,-1.74,101,-0.06,0.85,47.24,0.014,0.023,1.018
135213,-0.23,-1.6,104.15,0.55,1.71,43.21,0.003,0.025,1.026
135263,-0.2,-1.53,106.25,0.24,0.55,40.77,0.009,0.032,1.016
135274,-0.21,-1.53,106.67,-0.79,-0.18,41.38,0.014,0.012,1.015
135343,-0.2,-1.52,109.39,0.92,-0.37,37.6,0.027,0.019,0.959
135343,-0.2,-1.52,109.39,0.92,-0.37,37.6,0.027,0.019,0.959
135414,-0.08,-1.44,111.9,1.83,1.04,34.42,0.021,0.044,1.01
135463,-0.01,-1.37,113.52,1.71,1.1,32.35,-0.001,0.015,0.988
135473,0.01,-1.37,113.83,-0.12,0.06,30.94,0.02,0.053,1.007
135534,0.07,-1.36,115.64,-0.31,0.18,30.27,0.027,0.011,1.005
135603,0.08,-1.35,117.72,-0.31,-0.61,30.15,0.007,0.02,1.002
135613,0.08,-1.35,118.04,0.61,0.92,31.13,0.041,0.011,1.019
135653,0.09,-1.37,119.22,-0.98,0.61,28.81,-0.001,0.012,1
135703,0.08,-1.35,119.51,0.43,-1.53,30.09,0.041,-0.014,0.972
135714,0.02,-1.39,121.03,-0.37,1.65,29.36,0.018,-0.01,0.975
135784,-0.08,-1.43,123.22,-0.49,1.28,32.59,0.07,-0.024,0.962
135794,-0.1,-1.43,123.54,0.37,-0.73,32.23,0.011,-0.039,0.96
135854,-0.14,-1.47,125.68,0.79,-0.18,37.48,0.025,-0.003,1.013
135885,-0.16,-1.43,126.79,-0.06,2.01,36.5,0.031,0,1.028
135936,-0.18,-1.41,128.68,1.59,1.1,38.27,0.028,0.009,0.98
135944,-0.16,-1.4,129.06,1.59,1.1,38.27,0.028,0.009,0.98
136044,-0.33,-1.43,132.81,0.06,-3.23,34.91,-0.017,-0.002,0.976
136054,-0.36,-1.4,133.12,-0.06,1.65,30.94,-0.007,-0.034,1
136114,-0.45,-1.28,134.73,0.12,-2.75,21.36,-0.035,-0.023,0.959
136135,-0.49,-1.21,135.12,-0.67,1.83,17.21,-0.045,-0.034,0.963
136185,-0.6,-1.06,135.68,-0.73,1.1,7.57,-0.02,-0.022,0.963
136195,-0.63,-1.06,135.72,-1.04,-3.17,4.21,-0.031,-0.03,0.964
136255,-0.65,-0.98,135.65,0.24,-0.85,-6.47,-0.06,0.025,1.011
136265,-0.63,-0.94,135.59,0.24,-0.85,-6.47,-0.06,0.025,1.011
136336,-0.58,-0.83,134.69,0.24,-0.18,-15.62,-0.002,0.002,0.989
136375,-0.48,-0.78,133.95,-0.55,0.31,-20.63,0.015,0.016,1.028
136405,-0.39,-0.77,133.35,1.83,-0.18,-19.71,-0.004,0.029,0.978
136455,-0.26,-0.7,132.26,0.06,0.67,-21.73,0.025,0.047,0.985
136475,-0.2,-0.71,131.83,-0.55,-0.92,-20.87,0.001,0.043,1.021
136546,0,-0.77,130.46,0.43,0.24,-16.97,0.041,0.044,0.979
136585,0.1,-0.83,129.83,0.79,1.28,-15.44,0.038,0.046,1
136616,0.15,-0.88,129.44,-0.31,0.12,-12.63,0.022,0.044,1.001
136646,0.18,-0.96,129.15,-0.31,-0.12,-8.06,0.078,0.015,0.985
136696,0.21,-0.97,128.79,-0.49,-1.34,-3.72,0.059,-0.002,0.999
136736,0.23,-1.03,128.67,-0.31,1.65,-1.71,0.048,0.015,1.009
136746,0.23,-1.03,128.66,-0.31,1.65,-1.71,0.048,0.015,1.009
136966,0.1,-1.3,131.04,0.18,0.24,20.45,0.048,-0.013,0.988
137087,-0.02,-1.48,134.66,0.55,2.5,34.06,0.043,0.001,0.975
137107,-0.06,-1.49,135.41,-0.24,0.06,37.17,0.041,-0.014,0.958
137097,-0.04,-1.48,135.04,-0.24,0.06,37.17,0.041,-0.014,0.958
137117,-0.08,-1.53,135.81,-0.49,-1.89,40.22,0.046,0,0.965
137107,-0.06,-1.49,135.41,-0.24,0.06,37.17,0.041,-0.014,0.958
137097,-0.04,-1.48,135.04,-0.24,0.06,37.17,0.041,-0.014,0.958
137167,-0.16,-1.54,137.79,-0.73,1.34,40.1,0.03,-0.008,0.965
137187,-0.19,-1.52,138.58,-0.06,1.22,39.55,0.029,-0.004,0.962
137197,-0.2,-1.53,138.99,-0.24,-0.24,41.32,0.038,-0.005,0.986
137249,-0.21,-1.48,141.03,0.24,3.11,40.04,0.031,0.014,1.015
137258,-0.23,-1.47,141.42,-0.98,0.12,39.49,0.004,0.02,1.044
137258,-0.23,-1.47,141.42,-0.98,0.12,39.49,0.004,0.02,1.044
137317,-0.21,-1.4,143.82,-0.49,0.73,39.55,0.017,0.016,0.991
137388,-0.26,-1.46,146.62,-0.55,-1.22,40.89,0.031,0.009,0.961
137397,-0.26,-1.48,147.01,-0.55,-2.81,38.94,0.021,0.011,0.953
137467,-0.21,-1.51,149.67,0.73,0.55,37.35,0.036,0.031,0.985
137467,-0.21,-1.51,149.67,0.73,0.55,37.35,0.036,0.031,0.985
137538,-0.15,-1.55,152.26,-0.31,-0.73,36.99,0.02,0.036,0.97
137588,-0.12,-1.57,154.04,-0.06,-0.31,36.87,0.036,0.042,1.024
137608,-0.08,-1.59,154.76,-0.06,-1.53,35.77,0.028,0.044,1.003
137658,-0.08,-1.56,156.46,-0.79,-0.37,34.61,0.031,0.043,1.019
137679,-0.08,-1.57,157.14,0.67,-0.73,33.2,0.023,-0.002,0.985
137759,-0.05,-1.58,159.81,0.18,1.77,32.71,-0.001,0.014,0.989
137759,-0.05,-1.58,159.81,0.18,1.77,32.71,-0.001,0.014,0.989
137818,-0.07,-1.57,161.82,0.98,1.53,32.84,0.026,0.017,1.004
137829,-0.06,-1.55,162.15,0.98,1.53,32.84,0.026,0.017,1.004
137888,-0.09,-1.59,164.26,0.31,-0.18,35.28,0.052,0.01,0.996
137938,-0.13,-1.53,166.06,0.12,-0.79,36.68,0.048,0.001,0.984
137969,-0.21,-1.55,167.17,-0.55,-0.12,36.8,0.03,-0.04,0.985
138020,-0.28,-1.53,168.96,0.43,0.92,37.29,0.037,-0.029,0.99
138049,-0.34,-1.54,170.01,-1.34,-1.4,33.81,0.012,-0.002,1.008
138099,-0.47,-1.47,171.68,-1.22,-2.2,33.75,0.035,0,1.02
138149,-0.56,-1.39,173.13,-2.14,-1.28,26.79,-0.044,-0.036,0.984
138139,-0.52,-1.42,172.86,-2.14,-1.28,26.79,-0.044,-0.036,0.984
138229,-0.6,-1.14,174.66,-1.53,-1.46,14.22,-0.033,-0.001,1.03
138229,-0.6,-1.14,174.66,-1.53,-1.46,14.22,-0.033,-0.001,1.03
138299,-0.76,-0.93,175.01,1.1,-0.67,-2.75,-0.026,-0.052,0.979
138489,-0.74,-0.68,172.56,-0.92,-0.92,-20.26,0.003,0.021,1.02
138540,-0.62,-0.65,171.47,-1.22,1.71,-22.64,0.012,0.037,0.967
138510,-0.69,-0.67,172.15,-0.37,1.65,-20.63,0.022,0.027,0.996
138500,-0.71,-0.68,172.35,-0.37,1.65,-20.63,0.022,0.027,0.996
138500,-0.71,-0.68,172.35,-0.37,1.65,-20.63,0.022,0.027,0.996
138500,-0.71,-0.68,172.35,-0.37,1.65,-20.63,0.022,0.027,0.996
138690,-0.15,-0.77,168.32,1.77,0.31,-17.4,0.047,0.028,0.991
138741,-0.07,-0.85,167.55,0.85,0.06,-14.22,0.026,0.032,0.998
138741,-0.07,-0.85,167.55,0.85,0.06,-14.22,0.026,0.032,0.998
138750,-0.04,-0.85,167.4,0.85,0.06,-14.22,0.026,0.032,0.998
138750,-0.04,-0.85,167.4,0.85,0.06,-14.22,0.026,0.032,0.998
138893,0.11,-1.14,166.24,0.18,-0.79,-3.66,0.052,0.037,1.015
138893,0.11,-1.14,166.24,0.18,-0.79,-3.66,0.052,0.037,1.015
138930,0.12,-1.2,166.24,-0.31,-1.53,0.92,0.039,0.023,1
138940,0.11,-1.21,166.28,-0.67,1.1,4.03,0.068,0.001,0.997
138940,0.11,-1.21,166.28,-0.67,1.1,4.03,0.068,0.001,0.997
139011,0.09,-1.33,166.81,-0.37,0.98,9.58,0.064,-0.014,0.973
139161,-0.18,-1.65,169.89,0.37,-1.65,29.85,0.05,-0.023,0.972
139151,-0.16,-1.63,169.59,-0.37,0.55,26.86,0.057,-0.045,0.98
139161,-0.18,-1.65,169.89,0.37,-1.65,29.85,0.05,-0.023,0.972
139171,-0.19,-1.68,170.19,0.37,-1.65,29.85,0.05,-0.023,0.972
139251,-0.35,-1.77,172.91,-0.73,-1.28,36.8,0.049,-0.026,0.974
139241,-0.32,-1.75,172.55,-0.73,-1.28,36.8,0.049,-0.026,0.974
139251,-0.35,-1.77,172.91,-0.73,-1.28,36.8,0.049,-0.026,0.974
139402,-0.46,-1.65,178.87,-1.46,2.93,37.54,-0.001,0.024,1.025
139411,-0.47,-1.6,179.24,-1.46,2.93,37.54,-0.001,0.024,1.025
139402,-0.46,-1.65,178.87,-1.46,2.93,37.54,-0.001,0.024,1.025
139462,-0.51,-1.61,-178.95,-1.4,-1.95,35.28,0.024,0.028,1
139411,-0.47,-1.6,179.24,-1.46,2.93,37.54,-0.001,0.024,1.025
139542,-0.43,-1.52,-176.38,0.31,1.89,29.72,0.035,0.058,0.999
139532,-0.46,-1.53,-176.68,0,-1.46,30.21,-0.025,0.024,0.976
139552,-0.4,-1.5,-176.08,0.31,1.89,29.72,0.035,0.058,0.999
139642,-0.16,-1.36,-173.88,0.61,-0.85,19.41,-0.003,0.026,0.988
139662,-0.13,-1.32,-173.52,0.06,0.06,17.33,-0.025,0.021,0.997
139673,-0.12,-1.29,-173.34,0.06,0.06,17.33,-0.025,0.021,0.997
139742,-0.07,-1.22,-172.33,0.12,-0.49,11.17,-0.02,0.018,0.989
139773,-0.04,-1.2,-172.01,0.43,-0.31,10.01,0.018,0.003,1.004
139822,-0.05,-1.09,-171.77,0.31,-0.37,3.11,-0.012,-0.005,0.993
139833,-0.05,-1.08,-171.74,0.31,-0.37,3.11,-0.012,-0.005,0.993
139902,-0.13,-0.99,-171.96,0.49,0.18,-5.98,-0.003,-0.033,1.002
139913,-0.14,-0.98,-172.02,0.49,0.18,-5.98,-0.003,-0.033,1.002
139983,-0.26,-0.87,-172.9,-0.49,-2.14,-17.15,-0.018,-0.043,1.018
139983,-0.26,-0.87,-172.9,-0.49,-2.14,-17.15,-0.018,-0.043,1.018
140043,-0.41,-0.75,-174.14,-0.06,-0.55,-25.09,-0.039,-0.043,0.999
140093,-0.55,-0.6,-175.75,-0.18,0.55,-37.96,-0.049,-0.044,1.017
140113,-0.58,-0.55,-176.54,-0.24,-2.01,-41.38,-0.047,-0.045,0.955
140163,-0.59,-0.46,-178.85,0,0.98,-49.38,-0.032,-0.017,1.014
140223,-0.53,-0.38,178.04,0.92,0.31,-53.16,-0.012,0.012,0.93
140223,-0.53,-0.38,178.04,0.92,0.31,-53.16,-0.012,0.012,0.93
140285,-0.4,-0.36,174.75,-0.92,1.46,-54.81,0.024,0.035,0.97
140354,-0.24,-0.56,171.25,-0.49,-1.77,-45.41,0.046,0.042,1.008
140354,-0.24,-0.56,171.25,-0.49,-1.77,-45.41,0.046,0.042,1.008
140414,-0.1,-0.73,168.73,-0.92,-1.77,-39.61,0.036,0.032,1.019
140434,-0.07,-0.76,167.96,-0.37,0.79,-37.29,0.032,0.032,0.962
140494,0.08,-0.95,165.98,-0.31,-1.16,-27.65,0.031,0.043,1.01
140504,0.1,-0.97,165.7,-0.31,-1.16,-27.65,0.031,0.043,1.01
140564,0.25,-1.14,164.39,-0.92,1.65,-17.33,0.055,0.034,0.998
140625,0.38,-1.32,163.67,-1.04,0.79,-8.48,0.092,0.028,0.995
140634,0.4,-1.36,163.62,0.55,-1.28,-5.19,0.059,0.027,1.004
140694,0.44,-1.52,163.7,-0.06,1.46,5.92,0.092,0.013,1.005
140744,0.42,-1.64,164.23,1.16,0.85,13.67,0.062,0.004,1.01
140754,0.41,-1.66,164.39,-0.24,0.92,16.05,0.083,-0.014,0.973
140824,0.29,-1.74,165.77,0.31,1.59,22.71,0.083,-0.024,1
140814,0.31,-1.73,165.54,0.31,1.59,22.71,0.083,-0.024,1
140895,0.14,-1.85,167.87,0.06,0.37,34.42,0.062,-0.029,0.966
140945,0,-1.92,169.73,-0.85,0.06,38.7,0.044,-0.02,0.999
140955,-0.03,-1.93,170.15,-1.1,0.79,41.75,0.071,-0.007,1.027
141015,-0.14,-1.98,172.78,0.67,0.92,44.92,0.041,-0.008,0.962
141055,-0.2,-1.95,174.67,0.31,0.73,46.81,0.027,0.009,1.001
141095,-0.26,-1.97,176.63,0.49,-1.28,49.87,0.052,0.012,0.97
141125,-0.29,-1.99,178.14,-0.24,1.1,50.6,0.056,0.005,0.977
141175,-0.36,-2.01,-179.32,-0.37,-3.23,49.32,0.003,-0.021,0.982
141205,-0.32,-1.96,-177.86,1.28,1.83,48.03,0.016,0.053,0.973
141265,-0.29,-1.84,-175.21,-0.92,0.49,41.32,-0.013,0.027,1.04
141276,-0.26,-1.81,-174.81,0.98,-0.31,39.55,-0.021,0.037,1.008
141346,-0.25,-1.57,-172.41,-0.61,1.1,29.91,-0.029,0.043,1.002
141346,-0.25,-1.57,-172.41,-0.61,1.1,29.91,-0.029,0.043,1.002
141416,-0.29,-1.43,-170.88,-0.37,-2.14,16.97,-0.031,-0.006,1.001
141456,-0.29,-1.31,-170.4,-1.04,-0.92,7.08,-0.005,0.024,0.999
141476,-0.27,-1.29,-170.27,-0.06,0.31,6.41,-0.012,0.009,0.986
141547,-0.37,-1.14,-170.18,-0.55,-1.34,-2.38,-0.033,-0.024,0.982
141556,-0.37,-1.12,-170.23,-0.37,-0.31,-5.07,-0.025,-0.009,0.994
141616,-0.44,-1.05,-170.72,1.16,1.04,-12.21,0.014,-0.021,1.019
141616,-0.44,-1.05,-170.72,1.16,1.04,-12.21,0.014,-0.021,1.019
141677,-0.57,-0.9,-171.73,0.18,1.1,-20.63,-0.037,-0.063,0.942
141746,-0.71,-0.67,-173.77,0.12,0.06,-35.28,-0.071,-0.077,0.999
141756,-0.71,-0.64,-174.17,2.14,0.55,-40.22,-0.042,-0.064,0.947
141817,-0.69,-0.47,-176.99,0.49,-0.55,-52.61,-0.045,-0.008,1.037
141817,-0.69,-0.47,-176.99,0.49,-0.55,-52.61,-0.045,-0.008,1.037
141878,-0.59,-0.3,179.52,0.24,2.81,-60.49,-0.02,0.019,1.033
141937,-0.45,-0.27,175.72,-0.06,0.49,-62.87,-0.006,0.053,0.981
141957,-0.38,-0.29,174.46,1.16,-0.43,-63.54,0.02,0.028,0.948
142028,-0.11,-0.6,170.43,1.1,-2.87,-54.38,0.043,0.054,1.024
142028,-0.11,-0.6,170.43,1.1,-2.87,-54.38,0.043,0.054,1.024
142087,0.12,-0.72,167.39,1.89,-0.12,-49.01,0.035,0.044,0.944
142147,0.34,-0.96,164.87,-0.67,-2.62,-38.7,0.049,0.059,1.007
142147,0.34,-0.96,164.87,-0.67,-2.62,-38.7,0.049,0.059,1.007
142207,0.55,-1.21,163.06,-1.16,1.28,-26.79,0.086,0.062,0.987
142267,0.74,-1.47,162.06,0.92,-0.49,-13.49,0.091,0.039,0.989
142277,0.77,-1.52,161.98,0.73,0,-7.87,0.101,0.047,1.003
142338,0.83,-1.71,161.93,0.06,0.12,5.8,0.065,0.033,0.995
142368,0.84,-1.79,162.14,0.18,0.85,7.39,0.09,0.017,0.999
142438,0.73,-1.94,163.28,0.06,2.08,20.51,0.078,-0.007,0.994
142428,0.74,-1.93,163.08,-0.18,0.79,19.59,0.039,-0.003,1.001
142498,0.58,-2.01,164.72,0.85,2.32,27.47,0.092,-0.04,1
142508,0.58,-2.01,164.72,0.85,2.32,27.47,0.092,-0.04,1
142579,0.39,-2.19,167.37,0.37,-0.61,39.61,0.091,-0.013,0.975
142588,0.37,-2.22,167.76,0.37,-0.61,39.61,0.091,-0.013,0.975
142658,0.22,-2.29,170.85,0.73,1.28,47.91,0.076,0.004,1.004
142708,0.12,-2.31,173.33,-0.18,-0.24,49.01,0.046,-0.005,1.005
142738,0.07,-2.3,174.84,-0.73,-1.46,50.9,0.059,0.02,0.996
142789,0.02,-2.36,177.41,-0.55,-1.4,52.55,0.062,0.019,0.973
142799,0,-2.37,177.92,-1.71,-1.89,51.39,0.019,0.035,0.967
142849,-0.03,-2.41,-179.57,0.55,-3.23,50.29,0.037,0.049,1.017
142860,-0.02,-2.38,-179.09,0.73,2.08,47.85,0.022,0.037,0.967
142929,0.06,-2.2,-175.97,1.04,0.92,41.5,-0.011,0.026,0.989
142979,0.14,-2.11,-174.1,1.46,1.71,35.1,-0.005,0.031,1.009
142999,0.16,-2.06,-173.45,-0.18,0,30.52,0.01,0.034,0.966
143059,0.18,-1.92,-171.83,-0.37,0.49,20.2,-0.018,0.015,1.008
143069,0.18,-1.88,-171.63,-0.37,0.49,20.2,-0.018,0.015,1.008
143139,0.2,-1.65,-170.76,-0.61,0.12,5.86,-0.052,0.007,0.994
143179,0.19,-1.55,-170.67,-0.98,-1.28,-0.49,0.003,0.003,0.992
143219,0.13,-1.44,-170.85,-0.49,-2.56,-8.24,-0.046,-0.045,0.985
143219,0.13,-1.44,-170.85,-0.49,-2.56,-8.24,-0.046,-0.045,0.985
143290,-0.01,-1.22,-171.92,-0.24,-0.67,-20.08,-0.039,-0.041,1.021
143350,-0.15,-1.03,-173.57,-0.24,-0.43,-31.8,-0.023,-0.032,1.041
143350,-0.15,-1.03,-173.57,-0.24,-0.43,-31.8,-0.023,-0.032,1.041
143410,-0.28,-0.81,-176.12,-1.22,-0.61,-46.33,-0.035,-0.023,1.05
143450,-0.29,-0.7,-178.27,0.98,-0.24,-55.6,-0.039,-0.034,0.936
143490,-0.29,-0.55,179.32,-0.12,-0.37,-61.22,-0.039,0.012,1.059
143540,-0.24,-0.47,176.07,-1.77,0.79,-65.31,0.015,0.033,1.027
143550,-0.23,-0.47,175.41,-1.77,0.79,-65.31,0.015,0.033,1.027
143610,-0.19,-0.49,171.64,-3.11,0.61,-61.16,0.047,0.048,0.978
143660,-0.08,-0.64,168.82,-0.55,-1.65,-53.89,0.044,0.048,0.964
143670,-0.04,-0.68,168.28,-0.55,-1.65,-53.89,0.044,0.048,0.964
143740,0.11,-0.83,164.97,-0.18,-1.59,-41.02,0.079,0.059,0.965
143751,0.15,-0.89,164.56,-0.18,-1.59,-41.02,0.079,0.059,0.965
143821,0.32,-1.14,162.21,-0.06,-3.11,-25.33,0.119,0.047,1.008
143872,0.42,-1.36,161.2,-0.67,-1.4,-17.15,0.107,0.037,1.003
143872,0.42,-1.36,161.2,-0.67,-1.4,-17.15,0.107,0.037,1.003
143942,0.53,-1.61,160.75,0.37,-1.16,2.62,0.079,0.048,1.006
143942,0.53,-1.61,160.75,0.37,-1.16,2.62,0.079,0.048,1.006
144021,0.52,-1.79,161.49,0.37,0.49,16.66,0.078,-0.024,0.969
144051,0.48,-1.84,162.01,0.12,-0.06,17.82,0.051,0.008,1.006
144081,0.41,-1.92,162.7,-1.16,0,24.17,0.08,-0.028,1.021
144141,0.25,-2.02,164.44,1.1,0.12,34.18,0.058,-0.038,1.015
144141,0.25,-2.02,164.44,1.1,0.12,34.18,0.058,-0.038,1.015
144212,0.08,-2.16,167.15,0.31,0.43,42.18,0.052,-0.013,1.001
144271,-0.02,-2.27,169.95,0.31,-0.92,48.52,0.077,-0.002,1.01
144282,-0.02,-2.26,170.46,2.38,3.17,50.6,0.075,-0.012,1.015
144332,-0.02,-2.26,173.1,2.32,2.62,52.98,0.041,0.012,0.973
144342,-0.04,-2.25,173.64,0.37,0.79,54.2,0.029,-0.008,0.967
144422,-0.09,-2.14,177.89,-1.77,2.2,51.15,0.01,0.046,1.021
144432,-0.1,-2.1,178.4,-1.77,2.2,51.15,0.01,0.046,1.021
144494,-0.17,-2.01,-178.71,-1.4,-0.43,44.07,-0.003,0.021,0.959
144502,-0.15,-1.98,-178.3,0.79,-0.67,41.44,-0.022,0.05,0.987
144583,0.03,-1.75,-175.34,2.14,2.08,32.17,-0.006,0.061,0.984
144612,0.06,-1.65,-174.48,-1.22,-0.12,26.98,-0.03,0.022,0.994
144642,0.11,-1.6,-173.71,0.43,0.31,24.11,0.015,0.031,0.983
144723,0.18,-1.44,-172.1,0.55,1.34,13.55,-0.025,-0.016,0.996
144723,0.18,-1.44,-172.1,0.55,1.34,13.55,-0.025,-0.016,0.996
144783,0.18,-1.26,-171.5,0.55,0.18,4.94,-0.05,-0.01,1
144793,0.18,-1.22,-171.45,0.55,0.18,4.94,-0.05,-0.01,1
144853,0.14,-1.07,-171.49,-0.12,1.65,-3.91,-0.01,-0.017,1.006
144914,0.08,-0.94,-172.03,0.55,0.85,-12.21,-0.016,-0.018,0.981
144914,0.08,-0.94,-172.03,0.55,0.85,-12.21,-0.016,-0.018,0.981
144993,-0.04,-0.74,-173.61,-0.67,1.71,-24.41,-0.016,-0.02,1.037
144993,-0.04,-0.74,-173.61,-0.67,1.71,-24.41,-0.016,-0.02,1.037
145053,-0.18,-0.47,-175.54,0.31,-0.06,-36.99,-0.069,-0.046,1.044
145093,-0.2,-0.42,-177.23,0.37,-1.28,-43.82,-0.021,-0.028,1.013
145133,-0.24,-0.34,-179.18,-0.98,0.37,-49.5,-0.033,-0.014,0.97
145173,-0.19,-0.35,178.79,1.28,-0.06,-52,0,0.005,0.988
145214,-0.11,-0.31,176.69,1.28,0.49,-52.43,-0.003,0.044,1.023
145264,-0.03,-0.35,174.1,0.85,-0.55,-50.66,0.012,0.035,0.945
145274,0,-0.36,173.59,0.85,-0.55,-50.66,0.012,0.035,0.945
145334,0.13,-0.6,170.9,0,-1.89,-42.3,0.037,0.049,0.981
145345,0.14,-0.63,170.5,-1.28,-1.16,-40.47,0.033,0.042,0.962
145434,0.3,-0.85,167.26,-1.46,-1.4,-30.82,0.042,0.046,0.995
145444,0.34,-0.86,166.96,-0.67,0.79,-30.03,0.044,0.064,1.002
145496,0.48,-0.96,165.58,-1.16,0.31,-26.12,0.079,0.055,0.985
145496,0.48,-0.96,165.58,-1.16,0.31,-26.12,0.079,0.055,0.985
145554,0.64,-1.16,164.45,0.06,-0.24,-16.3,0.086,0.052,1.004
145624,0.73,-1.36,163.97,0.24,1.71,-1.28,0.069,0.024,0.987
145624,0.73,-1.36,163.97,0.24,1.71,-1.28,0.069,0.024,0.987
145705,0.69,-1.57,164.38,-0.49,0.49,11.9,0.054,0.007,0.995
145705,0.69,-1.57,164.38,-0.49,0.49,11.9,0.054,0.007,0.995
145765,0.6,-1.66,165.31,0.06,1.89,21,0.066,-0.038,0.971
145815,0.48,-1.74,166.43,-0.12,0,24.17,0.043,0,0.975
145845,0.39,-1.76,167.28,0.31,1.34,29.3,0.066,-0.012,1.027
145895,0.23,-1.88,168.88,0.24,1.83,33.08,0.07,-0.044,0.965
145905,0.21,-1.9,169.23,-0.49,-0.55,35.22,0.048,0.012,0.998
145965,0.1,-1.97,171.6,-0.49,0.85,42.48,0.063,-0.027,0.976
146015,0.01,-1.96,173.8,-0.61,0.92,45.72,0.048,0,1.012
146025,0,-1.98,174.26,0.98,-0.24,45.78,0.063,0.003,1.01
146106,-0.08,-2.14,178.31,0.49,-2.99,54.69,0.057,0.003,0.942
146095,-0.06,-2.09,177.77,0.31,1.04,53.47,0.085,0.014,0.991
146156,-0.09,-2.22,-178.84,0.49,-2.01,58.59,0.055,0.031,1.006
146216,-0.03,-2.16,-175.35,0.31,0.98,57.37,0.013,0.043,0.975
146226,-0.02,-2.14,-174.79,0.67,2.08,56.76,0.013,0.043,0.975
146296,-0.01,-2.01,-171.03,-0.06,-1.34,51.15,-0.003,0.039,0.987
146306,-0.01,-1.98,-170.55,0.12,0.79,47.73,0.006,0.032,0.993
146367,0.06,-1.83,-167.96,0.31,0.24,40.1,-0.003,0.052,0.994
146416,0.1,-1.75,-166.11,0.85,0.31,34.42,-0.003,0.032,0.981
146427,0.09,-1.72,-165.78,0.31,-0.73,32.41,-0.031,-0.012,0.985
146486,0.11,-1.64,-164.32,0.43,1.22,25.39,0.014,0.008,0.998
146537,0.08,-1.49,-162.92,-0.12,0.49,21.18,-0.019,0,0.996
146548,0.09,-1.46,-162.73,0.55,-0.24,18.43,-0.021,0.006,0.986
146616,0.05,-1.29,-161.82,0,0.37,9.4,-0.008,-0.005,1.002
146627,0.05,-1.28,-161.76,0,0.37,9.4,-0.003,-0.007,0.998
146687,0.03,-1.17,-161.55,0.24,-1.34,0.67,-0.022,-0.038,0.987
146737,-0.04,-1.07,-161.71,-0.06,-0.37,-5.92,-0.021,-0.03,1
146747,-0.05,-1.04,-161.77,-0.06,-0.37,-5.92,-0.021,-0.03,1
146827,-0.33,-0.93,-162.63,-2.08,-1.1,-13.18,-0.061,-0.082,0.969
146997,-0.43,-0.95,-166.67,0.12,-3.66,-28.2,-0.011,-0.005,0.956
146988,-0.43,-0.93,-166.39,1.71,2.14,-27.04,0.018,0.001,0.921
146988,-0.43,-0.93,-166.39,1.71,2.14,-27.04,0.018,0.001,0.921
146997,-0.43,-0.95,-166.67,0.12,-3.66,-28.2,-0.011,-0.005,0.956
147028,-0.37,-0.94,-167.51,-0.43,2.2,-27.77,0.029,0.034,1.088
147058,-0.32,-0.97,-168.36,-1.95,1.22,-27.4,0.021,0.023,0.951
147078,-0.28,-0.96,-168.91,1.34,0.55,-27.77,0.025,0.039,0.999
147138,-0.12,-1.07,-170.43,-1.46,-1.22,-22.95,0.044,0.049,0.998
147148,-0.09,-1.1,-170.66,-1.46,-1.22,-22.95,0.044,0.049,0.998
147198,0.05,-1.2,-171.67,-2.08,-0.98,-17.03,0.043,0.062,1.006
147248,0.17,-1.25,-172.49,-0.37,-0.49,-15.44,0.038,0.056,1.014
147258,0.19,-1.25,-172.61,-0.67,0.98,-12.39,0.035,0.044,0.991
147318,0.34,-1.3,-173.24,-0.24,1.34,-6.41,0.055,0.028,1.006
147378,0.44,-1.4,-173.41,0.43,1.65,-0.55,0.057,0.032,0.976
147389,0.46,-1.4,-173.42,0.43,1.65,-0.55,0.057,0.032,0.976
147448,0.52,-1.54,-173.04,0.55,-0.43,8.67,0.056,0.02,1.005
147498,0.52,-1.59,-172.36,0.12,-0.12,17.4,0.036,0,1
147508,0.51,-1.6,-172.19,0.12,-0.12,17.4,0.036,0,1
147579,0.44,-1.74,-170.55,0.18,1.1,29.11,0.09,-0.037,1.002
147619,0.36,-1.84,-169.28,-1.46,0.43,35.34,0.054,-0.025,1.016
147649,0.27,-1.9,-168.19,1.46,-0.55,36.62,0.056,-0.036,0.974
147699,0.16,-1.99,-166.1,0.06,2.2,43.15,0.05,-0.021,0.972
147719,0.1,-2,-165.21,-0.24,-0.79,46.2,0.052,-0.011,1.021
147780,0,-1.95,-162.44,-0.18,0.24,46.39,0.017,0.011,0.994
147800,-0.04,-1.93,-161.49,-0.18,2.14,48.4,0.064,-0.022,1.001
147859,-0.15,-1.94,-158.54,-0.31,-0.92,49.68,0.038,0.005,0.986
147869,-0.16,-1.96,-158.04,-0.31,-0.92,49.68,0.038,0.005,0.986
147929,-0.2,-1.9,-155.11,-0.06,0.18,48.83,0.034,0.022,1.002
147999,-0.21,-1.81,-151.74,-0.49,-0.37,46.81,0.014,0.028,1.003
147999,-0.21,-1.81,-151.74,-0.49,-0.37,46.81,0.014,0.028,1.003
148060,-0.18,-1.67,-149.08,0.18,2.01,42.24,0,0.028,0.985
148070,-0.18,-1.63,-148.66,0.18,2.01,42.24,0,0.028,0.985
148130,-0.18,-1.54,-146.34,-2.14,-0.98,37.96,0.013,0.043,1.036
148180,-0.31,-1.53,-144.81,-0.12,-1.1,30.33,0.063,0.022,0.979
148210,-0.25,-1.68,-143.89,3.85,-3.91,30.94,0.061,-0.006,0.895
148260,-0.15,-1.7,-142.05,-1.53,-2.14,35.34,-0.012,0.014,0.99
148270,-0.17,-1.7,-141.7,-1.53,-2.14,35.34,-0.012,0.014,0.99
148330,-0.16,-1.64,-139.7,1.1,1.34,32.59,0.012,0.007,1.015
148391,-0.15,-1.69,-137.77,0.31,0.12,32.78,0.034,0.015,0.99
148391,-0.15,-1.69,-137.77,0.31,0.12,32.78,0.034,0.015,0.99
148460,-0.19,-1.72,-135.49,-0.24,-0.43,31.92,0.036,0.012,0.988
148490,-0.24,-1.72,-134.53,0.06,-0.61,32.1,0.008,-0.021,0.989
148511,-0.24,-1.72,-133.86,0.37,0.61,33.2,0.045,0.008,0.999
148591,-0.34,-1.77,-131.1,-0.37,-1.46,36.25,0.027,0,0.987
148580,-0.33,-1.76,-131.46,-0.37,-1.46,36.25,0.027,0,0.987
148641,-0.42,-1.7,-129.38,0.49,2.08,34.91,0.021,-0.009,1.016
148701,-0.47,-1.67,-127.34,1.22,-0.31,34.67,0.02,0.012,0.967
148701,-0.47,-1.67,-127.34,1.22,-0.31,34.67,0.02,0.012,0.967
148771,-0.55,-1.61,-125.04,-1.16,-0.49,32.23,0.023,-0.007,0.992
148783,-0.56,-1.6,-124.71,0.79,0.18,32.1,0.012,-0.021,1.012
148841,-0.64,-1.57,-122.86,0,-2.38,30.09,0.003,-0.029,1.022
148901,-0.74,-1.49,-121.25,0.06,2.62,24.29,-0.012,-0.028,1.017
148901,-0.74,-1.49,-121.25,0.06,2.62,24.29,-0.012,-0.028,1.017
148983,-0.78,-1.17,-120.05,-0.18,1.34,5.62,-0.019,-0.014,1.003
148992,-0.78,-1.14,-119.99,-0.18,1.34,5.62,-0.019,-0.014,1.003
149052,-0.76,-1.1,-119.89,0.49,-2.14,-0.37,0.018,-0.005,0.998
149063,-0.77,-1.07,-119.92,-1.71,1.77,-1.83,-0.007,-0.001,0.973
149132,-0.74,-0.96,-120.27,0.67,-0.18,-7.02,-0.027,-0.007,0.964
149192,-0.63,-1.03,-120.67,0.12,0.31,-6.71,0.054,0.026,0.993
149202,-0.62,-1.04,-120.72,-0.49,0.18,-4.52,0.032,0.007,0.997
149262,-0.53,-0.99,-121,1.59,1.4,-3.85,0.01,0.012,0.966
149272,-0.5,-0.98,-121.04,1.59,1.4,-3.85,0.01,0.012,0.966
149342,-0.35,-0.98,-121.31,0.24,0.31,-3.11,0.028,0.015,1.008
149402,-0.21,-0.98,-121.46,1.4,1.77,-0.85,0.053,0.007,0.99
149413,-0.19,-0.98,-121.47,1.4,1.77,-0.85,0.053,0.007,0.99
149463,-0.1,-1.03,-121.45,-0.55,-1.65,2.32,0.044,0.025,0.994
149483,-0.09,-1.07,-121.39,-0.73,1.22,3.78,0.039,0.008,0.999
149544,-0.1,-1.11,-121.06,-0.24,-0.98,7.39,0.028,-0.004,0.996
149594,-0.13,-1.17,-120.6,-1.53,-0.43,10.44,0.031,-0.009,1
149603,-0.14,-1.19,-120.49,0.18,-0.37,11.6,0.05,-0.009,0.982
149653,-0.18,-1.25,-119.8,-1.22,-0.18,15.01,0.045,-0.021,0.99
149663,-0.19,-1.26,-119.64,0.79,0.67,15.87,0.05,-0.021,0.993
149723,-0.18,-1.32,-118.52,2.08,1.22,21.06,0.041,0,1.011
149783,-0.21,-1.39,-117.07,1.04,-1.1,26.12,0.043,-0.008,0.978
149794,-0.21,-1.41,-116.81,1.04,-1.1,26.12,0.043,-0.008,0.978
149853,-0.26,-1.51,-114.93,0.49,0.37,31.49,0.059,-0.013,0.988
149893,-0.24,-1.57,-113.46,1.04,-1.59,37.72,0.044,0.003,0.968
149914,-0.24,-1.56,-112.7,1.34,2.01,38.09,0.059,-0.015,1.02
149994,-0.21,-1.61,-109.43,0.73,0.79,42.05,0.02,0.021,0.985
150004,-0.23,-1.6,-109.01,-0.37,0.61,41.44,0.039,0.007,1
150054,-0.23,-1.51,-107,-0.98,0.73,39.55,0.03,0.017,0.971
150065,-0.22,-1.48,-106.59,0.61,1.65,40.89,0.015,0.016,1.018
150164,-0.24,-1.42,-102.69,-0.55,-1.53,38.45,0.032,0.018,0.995
150194,-0.24,-1.42,-101.55,-0.31,0.18,37.84,0.016,0.019,0.995
150224,-0.23,-1.42,-100.44,0.85,0.55,35.64,0.008,0.011,0.988
150224,-0.23,-1.42,-100.44,0.85,0.55,35.64,0.008,0.011,0.988
150284,-0.14,-1.35,-98.32,-0.06,0.49,34,0.02,0.015,1.008
150334,-0.09,-1.31,-96.64,-0.37,-0.37,32.96,0.002,0.022,1.023
150355,-0.06,-1.29,-96,0.79,0.98,31.68,0.024,0.018,0.996
150405,-0.02,-1.27,-94.41,0.31,1.28,30.46,0.014,0.028,0.999
150454,0,-1.25,-92.91,0.73,0.06,28.87,-0.01,0.021,0.999
150465,0.01,-1.25,-92.61,-0.49,0.79,29.24,0.027,0.045,0.991
150525,0.01,-1.21,-90.91,-0.67,1.71,27.53,0.034,0.018,0.993
150585,0.01,-1.22,-89.26,-0.98,-0.85,26.06,0.028,-0.003,0.98
150585,0.01,-1.22,-89.26,-0.98,-0.85,26.06,0.028,-0.003,0.98
150644,-0.01,-1.21,-87.68,-0.37,-0.49,24.96,0.019,0.005,0.978
150705,-0.04,-1.21,-86.14,0.18,-1.28,24.66,-0.004,-0.021,0.982
150715,-0.05,-1.21,-85.9,0.18,-1.28,24.66,-0.004,-0.021,0.982
150775,-0.09,-1.2,-84.32,-0.55,0.49,26.12,0.006,-0.021,1.003
150825,-0.13,-1.21,-83,-0.12,-1.34,25.09,0.015,-0.03,0.998
150836,-0.15,-1.22,-82.75,-0.12,-1.34,25.09,0.015,-0.03,0.998
150896,-0.27,-1.24,-81.25,-0.43,-1.83,25.45,0.022,-0.018,0.985
150906,-0.29,-1.25,-81.01,-0.73,-2.38,24.29,0.008,-0.008,0.996
150976,-0.46,-1.27,-79.57,-2.44,-4.15,19.04,-0.027,-0.019,1.016
151016,-0.53,-1.23,-79.04,-2.38,-3.42,12.21,-0.03,-0.033,1.008
151036,-0.55,-1.13,-78.87,0.31,1.71,8.18,-0.033,-0.032,0.983
151096,-0.69,-1.08,-78.74,0.06,-3.42,-1.59,-0.028,-0.029,1.019
151136,-0.74,-1.07,-79,1.34,-2.26,-7.51,-0.015,-0.029,0.987
151176,-0.78,-1.05,-79.4,0.37,-0.98,-10.5,-0.008,-0.032,1.016
151217,-0.74,-0.98,-80.01,-0.18,0.61,-17.09,-0.025,0.024,1.013
151238,-0.72,-0.97,-80.35,0.18,-0.49,-17.09,-0.002,-0.004,0.982
151296,-0.57,-0.98,-81.54,-0.43,1.34,-20.75,0.028,0.029,0.985
151356,-0.39,-0.96,-82.85,0.92,1.46,-21.85,0.02,0.025,1.007
151376,-0.35,-0.96,-83.29,-0.79,-0.12,-21.85,0.016,0.039,0.976
151418,-0.21,-1.01,-84.12,-0.12,-0.37,-20.75,0.038,0.038,1.01
151447,-0.14,-1.08,-84.64,-0.73,-1.4,-14.77,0.044,0.032,0.965
151498,0,-1.12,-85.41,-0.92,0.24,-15.75,0.023,0.044,0.986
151537,0.05,-1.23,-85.84,0.43,-0.98,-10.62,0.039,0.038,0.987
151577,0.1,-1.22,-86.21,-0.31,-0.31,-8,0.024,0.01,0.988
151617,0.12,-1.33,-86.41,-0.24,0.06,-5,0.052,0.022,1.004
151637,0.12,-1.34,-86.46,-0.24,1.22,-2.38,0.057,0.002,0.989
151698,0.1,-1.43,-86.36,0.43,1.65,2.69,0.067,-0.008,1
151737,0.09,-1.45,-86.14,0.06,0.61,5.92,0.051,-0.01,1.007
151767,0.09,-1.48,-85.9,0.61,2.69,8.61,0.069,-0.013,0.98
151817,0.07,-1.57,-85.29,1.1,-0.61,15.38,0.053,-0.009,1
151828,0.06,-1.59,-85.1,1.04,1.28,18.31,0.088,-0.019,0.982
151898,-0.01,-1.67,-83.56,0.49,0.67,26.73,0.057,-0.005,1.015
151938,-0.08,-1.77,-82.39,-0.37,0.43,30.46,0.063,-0.027,0.993
151948,-0.08,-1.78,-82.05,1.53,0.06,33.45,0.049,-0.002,0.987
152008,-0.16,-1.84,-79.85,-0.55,-0.67,39.06,0.037,-0.007,0.982
152058,-0.25,-1.84,-77.85,-0.67,1.22,40.77,0.061,-0.019,1.012
152068,-0.26,-1.84,-77.44,-0.06,0,41.02,0.036,-0.007,0.986
152129,-0.33,-1.83,-74.92,-0.06,1.77,40.95,0.049,-0.01,0.968
152178,-0.35,-1.79,-72.82,0.31,0.49,42.24,0.037,0.015,0.962
152208,-0.35,-1.75,-71.55,0.67,0.49,41.87,0.024,0.014,0.958
152248,-0.36,-1.74,-69.88,0.92,0.67,42.48,0.024,0.013,0.972
152270,-0.37,-1.77,-69.03,-1.04,-3.11,42.66,0.049,0.002,0.948
152339,-0.39,-1.83,-66.11,-0.61,-1.95,40.04,0.014,0.025,0.975
152339,-0.39,-1.83,-66.11,-0.61,-1.95,40.04,0.014,0.025,0.975
152409,-0.31,-1.82,-63.36,-0.73,-0.92,38.45,0.029,0.034,0.965
152459,-0.28,-1.8,-61.45,-0.98,-0.49,36.8,0.016,0.041,0.984
152470,-0.27,-1.8,-61.06,0.06,-0.06,39,0.032,0.033,1.016
152519,-0.23,-1.82,-59.17,-0.61,-1.4,36.56,0.027,0.022,0.977
152590,-0.18,-1.77,-56.66,0.67,0.43,34.91,0.016,0.03,1.011
152590,-0.18,-1.77,-56.66,0.67,0.43,34.91,0.016,0.03,1.011
152649,-0.18,-1.76,-54.58,0.79,1.83,33.14,0.004,0.021,1.034
152661,-0.16,-1.73,-54.24,0.79,1.83,33.14,0.004,0.021,1.034
152729,-0.17,-1.76,-51.87,-0.12,-1.04,35.1,0.035,0.016,1.018
152779,-0.2,-1.74,-50.15,0.85,0.49,33.94,0.038,-0.008,0.967
152809,-0.23,-1.72,-49.1,0.92,1.95,34.3,0.015,0.011,1.018
152861,-0.26,-1.68,-47.71,-0.18,0.79,35.89,0.066,-0.004,1.024
152870,-0.27,-1.71,-46.97,1.04,-0.73,37.66,0.064,0.002,0.958
152922,-0.4,-1.71,-45.12,0.49,0.12,37.78,0.01,-0.05,0.972
152980,-0.51,-1.69,-42.93,0.31,0.61,36.68,0.011,-0.035,1.008
152990,-0.53,-1.7,-42.57,-1.04,-0.37,36.74,0.041,-0.011,1.032
153051,-0.57,-1.67,-40.46,1.34,0.06,32.78,0,-0.022,0.981
153120,-0.6,-1.55,-38.44,-0.12,-1.04,26.25,0.01,-0.009,0.948
153120,-0.6,-1.55,-38.44,-0.12,-1.04,26.25,0.01,-0.009,0.948
153180,-0.67,-1.37,-37.19,0.49,1.34,17.27,-0.005,-0.017,1.025
153190,-0.68,-1.33,-37.06,0.31,-0.85,13.55,-0.054,-0.035,0.992
153250,-0.74,-1.13,-36.58,-0.43,0.37,2.56,-0.012,-0.014,1.045
153301,-0.75,-1.05,-36.68,-0.12,0.73,-4.46,-0.016,-0.022,1.026
153321,-0.73,-1.05,-36.8,0.67,-1.53,-5.62,-0.006,-0.007,1.011
153381,-0.64,-0.97,-37.55,1.53,-1.1,-16.42,0.009,0.009,0.979
153391,-0.6,-0.98,-37.72,1.53,-1.1,-16.42,0.009,0.009,0.979
153442,-0.49,-0.93,-38.68,0.43,-1.34,-19.65,0.009,0.037,1.004
153491,-0.38,-0.9,-39.69,-0.55,-0.06,-19.96,0.02,0.027,0.961
153502,-0.36,-0.9,-39.88,-0.61,0.92,-18.92,0.022,0.04,1.015
153581,-0.18,-1.02,-41.25,1.28,0.79,-15.26,0.035,0.042,0.994
153631,-0.05,-1.12,-41.96,0.31,-1.1,-13.06,0.02,0.038,1.005
153651,-0.03,-1.17,-42.2,-0.06,-0.06,-12.08,0.062,0.019,0.982
153702,0.1,-1.2,-42.81,-0.67,-0.55,-12.88,0.012,0.043,1.014
153702,0.1,-1.2,-42.81,-0.67,-0.55,-12.88,0.012,0.043,1.014
153772,0.22,-1.28,-43.57,-0.24,0.31,-6.96,0.082,0.006,0.996
153832,0.2,-1.37,-43.65,0.06,0.18,1.46,0.053,0.008,0.999
153842,0.18,-1.38,-43.61,-0.55,1.65,3.6,0.061,-0.021,0.994
153902,0.12,-1.49,-43.19,0.06,0.79,10.13,0.048,-0.02,0.982
153902,0.12,-1.49,-43.19,0.06,0.79,10.13,0.048,-0.02,0.982
153983,-0.04,-1.66,-41.84,-0.24,-1.59,21.67,0.031,-0.005,0.974
153992,-0.05,-1.68,-41.62,-0.24,-1.59,21.67,0.031,-0.005,0.974
154062,-0.23,-1.82,-39.63,1.4,0.31,34.3,0.064,-0.038,0.981
154062,-0.23,-1.82,-39.63,1.4,0.31,34.3,0.064,-0.038,0.981
154122,-0.36,-1.93,-37.44,0.92,0.24,39.37,0.032,-0.014,0.976
154202,-0.41,-1.94,-34.03,-0.12,1.22,44.31,0.054,-0.012,1.026
154202,-0.41,-1.94,-34.03,-0.12,1.22,44.31,0.054,-0.012,1.026
154253,-0.43,-1.91,-31.74,-0.12,-0.31,46.75,0.05,-0.001,0.973
154263,-0.45,-1.92,-31.28,-0.31,-0.31,46.26,0.043,-0.004,0.935
154323,-0.52,-1.86,-28.53,-0.92,0.12,45.72,0.021,0.022,1.001
154383,-0.52,-1.76,-25.92,0.43,1.83,41.2,0.016,0.034,0.936
154393,-0.51,-1.74,-25.51,0.43,1.83,41.2,0.016,0.034,0.936
154453,-0.44,-1.63,-23.16,-0.98,-0.06,37.35,0.007,0.035,0.963